Workbook

Sheet ListOfRegions
A1: 01 | B1: Ροδόπης | H1: ΑΠΟΚΕΝΤΡΩΜΕΝΗ ΔΙΟΙΚΗΣΗ ΜΑΚΕΔΟΝΙΑΣ - ΘΡΑΚΗΣ
A2: 02 | B2: Δράμας
A3: 03 | B3: Έβρου | D3: ΠΕΡΙΦΕΡΕΙΑ ΑΝΑΤΟΛΙΚΗΣ ΜΑΚΕΔΟΝΙΑΣ
A4: 04 | B4: Θάσου | D4: ΚΑΙ ΘΡΑΚΗΣ
A5: 05 | B5: Καβάλας
A6: 06 | B6: Ξάνθης
A7: 07 | B7: Θεσσαλονίκης
A8: 08 | B8: Ημαθίας
A9: 09 | B9: Κιλκίς
A10: 10 | B10: Πέλλας
A11: 11 | B11: Πιερίας | D11: ΠΕΡΙΦΕΡΕΙΑ ΚΕΝΤΡΙΚΗΣ ΜΑΚΕΔΟΝΙΑΣ
A12: 12 | B12: Σερρών
A13: 13 | B13: Χαλκιδικής
A14: 14 | B14: Κοζάνης
A15: 15 | B15: Γρεβενών
A16: 16 | B16: Καστοριάς
A17: 17 | B17: Φλώρινας
A18: 18 | B18: Ιωαννίνων
A19: 19 | B19: Άρτας
A20: 20 | B20: Θεσπρωτίας | D20: ΠΕΡΙΦΕΡΕΙΑ ΗΠΕΙΡΟΥ
A21: 21 | B21: Πρέβεζας
A22: 22 | B22: Λάρισας | H22: ΑΠΟΚΕΝΤΡΩΜΕΝΗ ΔΙΟΙΚΗΣΗ ΘΕΣΣΑΛΙΑΣ - ΣΤΕΡΕΑΣ ΕΛΛΑΔΑΣ
A23: 23 | B23: Καρδίτσας
A24: 24 | B24: Μαγνησίας | D24: ΠΕΡΙΦΕΡΕΙΑ ΘΕΣΣΑΛΙΑΣ
A25: 25 | B25: Σποράδων
A26: 26 | B26: Τρικάλων
A27: 27 | B27: Φθιώτιδας
A28: 28 | B28: Βοιωτίας
A29: 29 | B29: Εύβοιας | D29: ΠΕΡΙΦΕΡΕΙΑ ΣΤΕΡΕΑΣ ΕΛΛΑΔΑΣ
A30: 30 | B30: Ευρυτανίας
A31: 31 | B31: Φωκίδας
A32: 32 | B32: Κέρκυρας | H32: ΑΠΟΚΕΝΤΡΩΜΕΝΗ ΔΙΟΙΚΗΣΗ ΠΕΛΟΠΟΝΝΗΣΟΥ, ΔΥΤΙΚΗΣ ΕΛΛΑΔΑΣ ΚΑΙ ΙΟΝΙΟΥ
A33: 33 | B33: Ζακύνθου
A34: 34 | B34: Ιθάκης | D34: ΠΕΡΙΦΕΡΕΙΑ ΙΟΝΙΩΝ ΝΗΣΩΝ
A35: 35 | B35: Κεφαλληνίας
A36: 36 | B36: Λευκάδας
A37: 37 | B37: Αχαϊας
A38: 38 | B38: Αιτωλ/νανίας | D38: ΠΕΡΙΦΕΡΕΙΑ ΔΥΤΙΚΗΣ ΕΛΛΑΔΑΣ
A39: 39 | B39: Ηλείας
A40: 40 | B40: Αρκαδίας
A41: 41 | B41: Αργολίδας
A42: 42 | B42: Κορινθίας | D42: ΠΕΡΙΦΕΡΕΙΑ ΠΕΛΟΠΟΝΝΗΣΟΥ
A43: 43 | B43: Λακωνίας
A44: 44 | B44: Μεσσηνίας
A45: 45 | B45: Κεντρικού Τομέα Αθηνών | H45: ΑΠΟΚΕΝΤΡΩΜΕΝΗ ΔΙΟΙΚΗΣΗ ΑΤΤΙΚΗΣ
A46: 46 | B46: Βορείου Τομέα Αθηνών
A47: 47 | B47: Δυτικού Τομέα Αθηνών
A48: 48 | B48: Νοτίου Τομέα Αθηνών
A49: 49 | B49: Ανατολικής Αττικής | E49: ΠΕΡΙΦΕΡΕΙΑ ΑΤΤΙΚΗΣ
A50: 50 | B50: Δυτικής Αττικής
A51: 51 | B51: Πειραιώς
A52: 52 | B52: Νήσων
A53: 53 | B53: Λέσβου | H53: ΑΠΟΚΕΝΤΡΩΜΕΝΗ ΔΙΟΙΚΗΣΗ ΑΙΓΑΙΟΥ
A54: 54 | B54: Ικαρίας
A55: 55 | B55: Λήμνου | D55: ΠΕΡΙΦΕΡΕΙΑ ΒΟΡΕΙΟΥ ΑΙΓΑΙΟΥ
A56: 56 | B56: Σάμου.
A57: 57 | B57: Χίου
A58: 58 | B58: Σύρου
A59: 59 | B59: Άνδρου
A60: 60 | B60: Θήρας
A61: 61 | B61: Καλύμνου
A62: 62 | B62: Καρπάθου
A63: 63 | B63: Κύθνου | D63: ΠΕΡΙΦΕΡΕΙΑ ΝΟΤΙΟΥ ΑΙΓΑΙΟΥ
A64: 64 | B64: Κω
A65: 65 | B65: Μήλου
A66: 66 | B66: Μυκόνου.
A67: 67 | B67: Νάξου
A68: 68 | B68: Πάρου
A69: 69 | B69: Ρόδου
A70: 70 | B70: Τήνου
A71: 71 | B71: Ηρακλείου
A72: 72 | B72: Λασιθίου | H72: ΑΠΟΚΕΝΤΡΩΜΕΝΗ ΔΙΟΙΚΗΣΗ ΚΡΗΤΗΣ
A73: 73 | B73: Ρεθύμνης | D73: ΠΕΡΙΦΕΡΕΙΑ ΚΡΗΤΗΣ
A74: 74 | B74: Χανίων
A75: 99 | B75: Αγίου Όρους | D75: ΑΓΙΟ ΟΡΟΣ (ΑΥΤΟΔΙΟΙΚΗΤΟ)

Sheet Πίνακας2(α)
A1: 2. Αροτραίες καλλιέργειες | G1: 2. Crops on arable land | M1: Πίνακας 2α. Συνέχεια | Q1: Table 2a. Continued
A2: 2α. Σιτηρά για καρπό. Εκτάσεις και παραγωγή κατά Περιφέρεια και Περιφερειακή Ενότητα. Έτος 2011 | G2: Table 2a. Cereals for grain. Areas and production, by Region and Regional Unity. Year 2011
A3: Εκτάσεις σε στρέμματα, παραγωγή σε τόνους | G3: Areas in stremmas, production in tons | M3: Εκτάσεις σε στρέμματα, παραγωγή σε τόνους | Q3: Areas in stremmas, production in tons
A4: Περιφέρειες και Περιφερειακές Ενότητες | B4: Σύνολο Εκτάσεων - Total Area | C4: Σιτάρι Wheat | G4: Κριθάρι Barley | I4: Βρώμη Oats | K4: Σίκαλη Rye | M4: Αραβόσιτος - Maize | Q4: Ρύζι Rice | S4: Σόργο Sorghum | U4: Λοιπά(1) Other | W4: Regions and Regional Unities (NUTS 2)
C6: Μαλακό Soft | E6: Σκληρό Hard | M6: χωρίς συγκαλλιέργεια grown alone | O6: συγκαλλιεργούμενος με φασόλια και άλλα είδη grown with beans and other crops
C7: 1 | D7: 2 | E7: 1 | F7: 2 | G7: 1 | H7: 2 | I7: 1 | J7: 2 | K7: 1 | L7: 2 | M7: 1 | N7: 2 | O7: 1 | P7: 2 | Q7: 1 | R7: 2 | S7: 1 | T7: 2 | U7: 1 | V7: 2
A8: Σύνολο Ελλάδας | B8: 11160912 | C8: 1563268 | D8: 441474.82 | E8: 5314956 | F8: 1415954 | G8: 1211678 | H8: 319002.76 | I8: 450537 | J8: 92519.414 | K8: 139552 | L8: 32156.325 | M8: 2125441 | N8: 2286898.1 | O8: 15048 | P8: 4907.589 | Q8: 309161 | R8: 250684.91 | S8: 568 | T8: 135.1 | U8: 30703 | V8: 6795.975 | W8: Greece Total
A10: Περιφέρεια Ανατολικής Μακεδονίας και Θράκης | B10: 1622152 | C10: 329694 | D10: 104655.48 | E10: 574966 | F10: 164620.2 | G10: 119346 | H10: 32610.215 | I10: 6405 | J10: 1208.845 | K10: 6683 | L10: 1282.19 | M10: 560757 | N10: 605105.86 | O10: 0 | P10: 0 | Q10: 22209 | R10: 15813.36 | S10: 80 | T10: 12.5 | U10: 2012 | V10: 553.34 | W10: Region of Eastern Macedonia and Thrace
A12: =VLOOKUP(ListOfRegions!$A$1,ListOfRegions!$A$1:B75,2,0) -> Ροδόπης | B12: 238821 | C12: 57290 | D12: 17691.3 | E12: 112912 | F12: 32775.25 | G12: 40263 | H12: 11152.505 | I12: 1520 | J12: 223.3 | K12: 1735 | L12: 229.1 | M12: 24471 | N12: 26558.85 | O12: ― | P12: ― | Q12: ― | R12: ― | S12: ― | T12: ― | U12: 630 | V12: 130.6 | W12: Rodopi
A13: =VLOOKUP(ListOfRegions!$A$2,ListOfRegions!$A$2:B76,2,0) -> Δράμας | B13: 331944 | C13: 54474 | D13: 14542.03 | E13: 106352 | F13: 26733.835 | G13: 31993 | H13: 8346.75 | I13: 4055 | J13: 796.1 | K13: 947 | L13: 152.8 | M13: 134108 | N13: 146769.95 | O13: ― | P13: ― | Q13: ― | R13: ― | S13: ― | T13: ― | U13: 15 | V13: 3.5 | W13: Drama
A14: =VLOOKUP(ListOfRegions!A3,ListOfRegions!A3:B77,2,0) -> Έβρου | B14: 543382 | C14: 130573 | D14: 46357.07 | E14: 311667 | F14: 93492.38 | G14: 32325 | H14: 9182.58 | I14: 529 | J14: 136.08 | K14: 2817 | L14: 735.42 | M14: 62320 | N14: 71069 | O14: ― | P14: ― | Q14: 1809 | R14: 736.86 | S14: ― | T14: ― | U14: 1342 | V14: 412.99 | W14: Evros
A15: =VLOOKUP(ListOfRegions!A4,ListOfRegions!A4:B78,2,0) -> Θάσου | B15: 25 | C15: ― | D15: ― | E15: ― | F15: ― | G15: ― | H15: ― | I15: ― | J15: ― | K15: ― | L15: ― | M15: 25 | N15: 19.5 | O15: ― | P15: ― | Q15: ― | R15: ― | S15: ― | T15: ― | U15: ― | V15: ― | W15: Thasos
A16: =VLOOKUP(ListOfRegions!A5,ListOfRegions!A5:B79,2,0) -> Καβάλας | B16: 265095 | C16: 23236 | D16: 6965.07 | E16: 13662 | F16: 3380.77 | G16: 5666 | H16: 1261.23 | I16: 301 | J16: 53.365 | K16: 228 | L16: 40.74 | M16: 201497 | N16: 206730.25 | O16: ― | P16: ― | Q16: 20400 | R16: 15076.5 | S16: 80 | T16: 12.5 | U16: 25 | V16: 6.25 | W16: Kavala
A17: =VLOOKUP(ListOfRegions!A6,ListOfRegions!A6:B80,2,0) -> Ξάνθης | B17: 242885 | C17: 64121 | D17: 19100.01 | E17: 30373 | F17: 8237.97 | G17: 9099 | H17: 2667.15 | I17: ― | J17: ― | K17: 956 | L17: 124.13 | M17: 138336 | N17: 153958.31 | O17: ― | P17: ― | Q17: ― | R17: ― | S17: ― | T17: ― | U17: ― | V17: ― | W17: Xanthi
A18: Περιφέρεια Κεντρικής Μακεδονίας | B18: 4875406 | C18: 956870 | D18: 260134.51 | E18: 2327413 | F18: 530368.47 | G18: 459113 | H18: 132913.31 | I18: 53102 | J18: 10509.9 | K18: 113899 | L18: 26505.32 | M18: 678133 | N18: 742792.7 | O18: 447 | P18: 322.2 | Q18: 262267 | R18: 218620.25 | S18: 90 | T18: 9 | U18: 24072 | V18: 4894.75 | W18: Region of Central Macedonia
A20: =VLOOKUP(ListOfRegions!A7,ListOfRegions!A7:B81,2,0) -> Θεσσαλονίκης | B20: 810889 | C20: 126283 | D20: 32531.62 | E20: 347152 | F20: 80843.175 | G20: 66008 | H20: 17337.6 | I20: 16557 | J20: 3315.44 | K20: 10582 | L20: 2178.965 | M20: 46312 | N20: 49493.75 | O20: ― | P20: ― | Q20: 192135 | R20: 175351.9 | S20: 90 | T20: 9 | U20: 5770 | V20: 1387.5 | W20: Thessaloniki
A21: =VLOOKUP(ListOfRegions!A8,ListOfRegions!A8:B82,2,0) -> Ημαθίας | B21: 155630 | C21: 12912 | D21: 4983.57 | E21: 53172 | F21: 16904.49 | G21: 8280 | H21: 2848.5 | I21: 55 | J21: 14 | K21: 220 | L21: 83 | M21: 62681 | N21: 60790 | O21: 250 | P21: 200 | Q21: 18060 | R21: 10946.75 | S21: ― | T21: ― | U21: ― | V21: ― | W21: Imathia
A22: =VLOOKUP(ListOfRegions!A9,ListOfRegions!A9:B83,2,0) -> Κιλκίς | B22: 716826 | C22: 133744 | D22: 25638.275 | E22: 503163 | F22: 82623.058 | G22: 27298 | H22: 4586.29 | I22: 3127 | J22: 480.86 | K22: 3386 | L22: 474.54 | M22: 37869 | N22: 34428.619 | O22: ― | P22: ― | Q22: ― | R22: ― | S22: ― | T22: ― | U22: 8239 | V22: 1271.16 | W22: Kilkis
A23: =VLOOKUP(ListOfRegions!A10,ListOfRegions!A10:B84,2,0) -> Πέλλας | B23: 264721 | C23: 27262 | D23: 7583.655 | E23: 91192 | F23: 29907.82 | G23: 35892 | H23: 12095.025 | I23: 2090 | J23: 473.25 | K23: 1495 | L23: 329.025 | M23: 104039 | N23: 107376.18 | O23: 70 | P23: 42 | Q23: 2381 | R23: 2132.9 | S23: ― | T23: ― | U23: 300 | V23: 117 | W23: Pella
A24: =VLOOKUP(ListOfRegions!A11,ListOfRegions!A11:B85,2,0) -> Πιερίας | B24: 250304 | C24: 55769 | D24: 18797.168 | E24: 124982 | F24: 35389.293 | G24: 22588 | H24: 7091.351 | I24: 4366 | J24: 1126.88 | K24: 200 | L24: 53.1 | M24: 31599 | N24: 37087.27 | O24: ― | P24: ― | Q24: 10800 | R24: 8640 | S24: ― | T24: ― | U24: ― | V24: ― | W24: Pieria
A25: =VLOOKUP(ListOfRegions!A12,ListOfRegions!A12:B86,2,0) -> Σερρών | B25: 876299 | C25: 63416 | D25: 17572.521 | E25: 481626 | F25: 117345.15 | G25: 50985 | H25: 14827.376 | I25: 135 | J25: 35.8 | K25: 1820 | L25: 423.65 | M25: 238626 | N25: 264303.94 | O25: ― | P25: ― | Q25: 38891 | R25: 21548.7 | S25: ― | T25: ― | U25: 800 | V25: 200 | W25: Serres
A26: =VLOOKUP(ListOfRegions!A13,ListOfRegions!A13:B87,2,0) -> Χαλκιδικής | B26: 383120 | C26: 42550 | D26: 9231.69 | E26: 294310 | F26: 61231.82 | G26: 20841 | H26: 4952.53 | I26: 18058 | J26: 3267.91 | K26: 896 | L26: 149.7 | M26: 3047 | N26: 2475.37 | O26: 10 | P26: 2 | Q26: ― | R26: ― | S26: ― | T26: ― | U26: 3408 | V26: 681.6 | W26: Chalkidiki
A27: =VLOOKUP(ListOfRegions!A14,ListOfRegions!A14:B88,2,0) -> Κοζάνης | B27: 683659 | C27: 174208 | D27: 53985.458 | E27: 350294 | F27: 85873.875 | G27: 76097 | H27: 24909.015 | I27: 4175 | J27: 852.45 | K27: 18734 | L27: 3960.701 | M27: 59608 | N27: 68586.75 | O27: 9 | P27: 2.4 | Q27: ― | R27: ― | S27: ― | T27: ― | U27: 534 | V27: 68 | W27: Kozani
A28: =VLOOKUP(ListOfRegions!A15,ListOfRegions!A15:B89,2,0) -> Γρεβενών | B28: 277518 | C28: 182154 | D28: 53927.64 | E28: 14187 | F28: 3920.57 | G28: 59750 | H28: 19153.69 | I28: 3582 | J28: 733.81 | K28: 1404 | L28: 232.37 | M28: 13855 | N28: 15576.19 | O28: ― | P28: ― | Q28: ― | R28: ― | S28: ― | T28: ― | U28: 2586 | V28: 640.14 | W28: Grevena
A29: =VLOOKUP(ListOfRegions!A16,ListOfRegions!A16:B90,2,0) -> Καστοριάς | B29: 182503 | C29: 93664 | D29: 23325.35 | E29: 38390 | F29: 9537.12 | G29: 21482 | H29: 5870.42 | I29: 658 | J29: 139.5 | K29: 14361 | L29: 3210.03 | M29: 13640 | N29: 13604.5 | O29: 108 | P29: 75.8 | Q29: ― | R29: ― | S29: ― | T29: ― | U29: 200 | V29: 60 | W29: Kastoria
A30: =VLOOKUP(ListOfRegions!A17,ListOfRegions!A17:B91,2,0) -> Φλώρινας | B30: 273937 | C30: 44908 | D30: 12557.558 | E30: 28945 | F30: 6792.1 | G30: 69892 | H30: 19241.51 | I30: 299 | J30: 70 | K30: 60801 | L30: 15410.239 | M30: 66857 | N30: 89070.14 | O30: ― | P30: ― | Q30: ― | R30: ― | S30: ― | T30: ― | U30: 2235 | V30: 469.35 | W30: Florina
A31: Περιφέρεια Ηπείρου | B31: 166733 | C31: 4359 | D31: 1053.26 | E31: 1342 | F31: 277.75 | G31: 8211 | H31: 1874.859 | I31: 17925 | J31: 4465.31 | K31: 9676 | L31: 2374.317 | M31: 120228 | N31: 117760.07 | O31: 1412 | P31: 514.38 | Q31: 2970 | R31: 2280 | S31: 80 | T31: 10.9 | U31: 530 | V31: 400 | W31: Region of Epirus
A33: =VLOOKUP(ListOfRegions!A18,ListOfRegions!A18:B92,2,0) -> Ιωαννίνων | B33: 61313 | C33: 3251 | D33: 846.71 | E33: 360 | F33: 70.85 | G33: 5516 | H33: 1319.609 | I33: 1743 | J33: 341.95 | K33: 8941 | L33: 2121.657 | M33: 40822 | N33: 37608.015 | O33: 665 | P33: 254.08 | Q33: ― | R33: ― | S33: 10 | T33: 2.9 | U33: 5 | V33: 5 | W33: Ionnina
A34: =VLOOKUP(ListOfRegions!A19,ListOfRegions!A19:B93,2,0) -> Άρτας | B34: 28137 | C34: 1028 | D34: 193.1 | E34: 625 | F34: 128.2 | G34: 1293 | H34: 273.55 | I34: 3789 | J34: 868.38 | K34: 15 | L34: 2.66 | M34: 19454 | N34: 17047.5 | O34: 738 | P34: 251.6 | Q34: 670 | R34: 335 | S34: ― | T34: ― | U34: 525 | V34: 395 | W34: Arta
A35: =VLOOKUP(ListOfRegions!A20,ListOfRegions!A20:B94,2,0) -> Θεσπρωτίας | B35: 23337 | C35: 4 | D35: 1.2 | E35: 12 | F35: 2.6 | G35: 602 | H35: 130.05 | I35: 3130 | J35: 679.5 | K35: 240 | L35: 32 | M35: 17045 | N35: 17327.15 | O35: 4 | P35: 0.7 | Q35: 2300 | R35: 1945 | S35: ― | T35: ― | U35: ― | V35: ― | W35: Thesprotia
A36: =VLOOKUP(ListOfRegions!A21,ListOfRegions!A21:B95,2,0) -> Πρέβεζας | B36: 53946 | C36: 76 | D36: 12.25 | E36: 345 | F36: 76.1 | G36: 800 | H36: 151.65 | I36: 9263 | J36: 2575.48 | K36: 480 | L36: 218 | M36: 42907 | N36: 45777.4 | O36: 5 | P36: 8 | Q36: ― | R36: ― | S36: 70 | T36: 8 | U36: ― | V36: ― | W36: Preveza
A37: Περιφέρεια Θεσσαλίας | B37: 2056391 | C37: 193818 | D37: 56312.581 | E37: 1302881 | F37: 421100.38 | G37: 238031 | H37: 74997.438 | I37: 33694 | J37: 8262.037 | K37: 7516 | L37: 1599.588 | M37: 276340 | N37: 328062.44 | O37: 315 | P37: 73.6 | Q37: 0 | R37: 0 | S37: 110 | T37: 71.6 | U37: 3686 | V37: 883.74 | W37: Region of Thessally
A39: =VLOOKUP(ListOfRegions!A22,ListOfRegions!A22:B96,2,0) -> Λάρισας | B39: 1277687 | C39: 128257 | D39: 37411.252 | E39: 853211 | F39: 291687.93 | G39: 156134 | H39: 52911.705 | I39: 18171 | J39: 4550.032 | K39: 7230 | L39: 1559 | M39: 111087 | N39: 138163.5 | O39: 107 | P39: 32.1 | Q39: ― | R39: ― | S39: 110 | T39: 71.6 | U39: 3380 | V39: 823 | W39: Larissa
A40: =VLOOKUP(ListOfRegions!A23,ListOfRegions!A23:B97,2,0) -> Καρδίτσας | B40: 304688 | C40: 18528 | D40: 5263.75 | E40: 217971 | F40: 72370.97 | G40: 8181 | H40: 2359.3 | I40: 6650 | J40: 1719.6 | K40: 30 | L40: 4.5 | M40: 53166 | N40: 54252.45 | O40: 162 | P40: 29 | Q40: ― | R40: ― | S40: ― | T40: ― | U40: ― | V40: ― | W40: Karditsa
A41: =VLOOKUP(ListOfRegions!A24,ListOfRegions!A24:B98,2,0) -> Μαγνησίας | B41: 269955 | C41: 16568 | D41: 5429.46 | E41: 182233 | F41: 43926.8 | G41: 55638 | H41: 14912.1 | I41: 3820 | J41: 994.7 | K41: 100 | L41: 16 | M41: 11596 | N41: 16657.2 | O41: ― | P41: ― | Q41: ― | R41: ― | S41: ― | T41: ― | U41: ― | V41: ― | W41: Magnesia
A42: =VLOOKUP(ListOfRegions!A25,ListOfRegions!A25:B99,2,0) -> Σποράδων | B42: 15 | C42: ― | D42: ― | E42: ― | F42: ― | G42: ― | H42: ― | I42: ― | J42: ― | K42: ― | L42: ― | M42: 15 | N42: 7.5 | O42: ― | P42: ― | Q42: ― | R42: ― | S42: ― | T42: ― | U42: ― | V42: ― | W42: Sporades Islands
A43: =VLOOKUP(ListOfRegions!A26,ListOfRegions!A26:B100,2,0) -> Τρικάλων | B43: 204046 | C43: 30465 | D43: 8208.119 | E43: 49466 | F43: 13114.675 | G43: 18078 | H43: 4814.333 | I43: 5053 | J43: 997.705 | K43: 156 | L43: 20.088 | M43: 100476 | N43: 118981.79 | O43: 46 | P43: 12.5 | Q43: ― | R43: ― | S43: ― | T43: ― | U43: 306 | V43: 60.74 | W43: Trikala
A44: Περιφέρεια Στερεάς Ελλάδας | B44: 1122019 | C44: 23782 | D44: 5628.885 | E44: 838235 | F44: 248089.92 | G44: 111454 | H44: 29410.428 | I44: 34599 | J44: 6858.02 | K44: 40 | L44: 12.2 | M44: 103718 | N44: 106778.73 | O44: 1390 | P44: 264.6 | Q44: 8700 | R44: 6580 | S44: 100 | T44: 18 | U44: 1 | V44: 0.1 | W44: Region of Central Greece
A46: =VLOOKUP(ListOfRegions!A27,ListOfRegions!A27:B101,2,0) -> Φθιώτιδας | B46: 589078 | C46: 12634 | D46: 3751.6 | E46: 457435 | F46: 136212.91 | G46: 43611 | H46: 13477.75 | I46: 8535 | J46: 1850.42 | K46: 40 | L46: 12.2 | M46: 57960 | N46: 64624.16 | O46: 63 | P46: 23.45 | Q46: 8700 | R46: 6580 | S46: 100 | T46: 18 | U46: ― | V46: ― | W46: Pthiotida
A47: =VLOOKUP(ListOfRegions!A28,ListOfRegions!A28:B102,2,0) -> Βοιωτίας | B47: 370738 | C47: 150 | D47: 45 | E47: 301163 | F47: 98548.9 | G47: 34860 | H47: 8436.2 | I47: 6255 | J47: 1534.75 | K47: ― | L47: ― | M47: 28310 | N47: 30019 | O47: ― | P47: ― | Q47: ― | R47: ― | S47: ― | T47: ― | U47: ― | V47: ― | W47: Viotia
A48: =VLOOKUP(ListOfRegions!A29,ListOfRegions!A29:B103,2,0) -> Εύβοιας | B48: 139759 | C48: 5795 | D48: 856.585 | E48: 73855 | F48: 12306.19 | G48: 31385 | H48: 7208.878 | I48: 13952 | J48: 2794.95 | K48: ― | L48: ― | M48: 14293 | N48: 10483.964 | O48: 478 | P48: 31.35 | Q48: ― | R48: ― | S48: ― | T48: ― | U48: 1 | V48: 0.1 | W48: Evia
A49: =VLOOKUP(ListOfRegions!A30,ListOfRegions!A30:B104,2,0) -> Ευρυτανίας | B49: 1672 | C49: 22 | D49: 3.2 | E49: 104 | F49: 20.5 | G49: 59 | H49: 10.6 | I49: 198 | J49: 35.95 | K49: ― | L49: ― | M49: 500 | N49: 202.28 | O49: 789 | P49: 166.84 | Q49: ― | R49: ― | S49: ― | T49: ― | U49: ― | V49: ― | W49: Evritania
A50: =VLOOKUP(ListOfRegions!A31,ListOfRegions!A31:B105,2,0) -> Φωκίδας | B50: 20772 | C50: 5181 | D50: 972.5 | E50: 5678 | F50: 1001.42 | G50: 1539 | H50: 277 | I50: 5659 | J50: 641.95 | K50: ― | L50: ― | M50: 2655 | N50: 1449.33 | O50: 60 | P50: 42.96 | Q50: ― | R50: ― | S50: ― | T50: ― | U50: ― | V50: ― | W50: Fokida
A51: Περιφέρεια Ιονίων Νήσων | B51: 36399 | C51: 535 | D51: 37.35 | E51: 15577 | F51: 2310.7 | G51: 2762 | H51: 354.49 | I51: 9561 | J51: 1264.4 | K51: 880 | L51: 160.76 | M51: 3381 | N51: 937.245 | O51: 3586 | P51: 513.819 | Q51: 96 | R51: 13.3 | S51: 0 | T51: 0 | U51: 21 | V51: 2.4 | W51: Region of Ionian Islands
A53: =VLOOKUP(ListOfRegions!A32,ListOfRegions!A32:B106,2,0) -> Κέρκυρας | B53: 6546 | C53: 32 | D53: 5.4 | E53: ― | F53: ― | G53: 49 | H53: 7.91 | I53: 325 | J53: 35.43 | K53: 19 | L53: 6.5 | M53: 2556 | N53: 683.325 | O53: 3450 | P53: 464.289 | Q53: 96 | R53: 13.3 | S53: ― | T53: ― | U53: 19 | V53: 1.9 | W53: Corfu
A54: =VLOOKUP(ListOfRegions!A33,ListOfRegions!A33:B107,2,0) -> Ζακύνθου | B54: 18570 | C54: ― | D54: ― | E54: 12331 | F54: 1905.46 | G54: 2205 | H54: 285.6 | I54: 2418 | J54: 354.55 | K54: 844 | L54: 148.7 | M54: 673 | N54: 199.57 | O54: 99 | P54: 37.08 | Q54: ― | R54: ― | S54: ― | T54: ― | U54: ― | V54: ― | W54: Zakynthos
A55: =VLOOKUP(ListOfRegions!A34,ListOfRegions!A34:B108,2,0) -> Ιθάκης | B55: 0 | C55: ― | D55: ― | E55: ― | F55: ― | G55: ― | H55: ― | I55: ― | J55: ― | K55: ― | L55: ― | M55: ― | N55: ― | O55: ― | P55: ― | Q55: ― | R55: ― | S55: ― | T55: ― | U55: ― | V55: ― | W55: Ithaka
A56: =VLOOKUP(ListOfRegions!A35,ListOfRegions!A35:B109,2,0) -> Κεφαλληνίας | B56: 10437 | C56: 478 | D56: 28.05 | E56: 3246 | F56: 405.24 | G56: 278 | H56: 34.45 | I56: 6407 | J56: 820.77 | K56: 6 | L56: 0.36 | M56: 18 | N56: 3.1 | O56: 2 | P56: 0.5 | Q56: ― | R56: ― | S56: ― | T56: ― | U56: 2 | V56: 0.5 | W56: Kefallonia
A57: =VLOOKUP(ListOfRegions!A36,ListOfRegions!A36:B110,2,0) -> Λευκάδας | B57: 846 | C57: 25 | D57: 3.9 | E57: ― | F57: ― | G57: 230 | H57: 26.53 | I57: 411 | J57: 53.65 | K57: 11 | L57: 5.2 | M57: 134 | N57: 51.25 | O57: 35 | P57: 11.95 | Q57: ― | R57: ― | S57: ― | T57: ― | U57: ― | V57: ― | W57: Lefkada
A58: Περιφέρεια Δυτικής Ελλάδας | B58: 736666 | C58: 21784 | D58: 5327.375 | E58: 61409 | F58: 13592.285 | G58: 73435 | H58: 16800.53 | I58: 207146 | J58: 42428.458 | K58: 504 | L58: 124.9 | M58: 354093 | N58: 364577.24 | O58: 6255 | P58: 2662.28 | Q58: 12015 | R58: 6907 | S58: 20 | T58: 4 | U58: 5 | V58: 0.8 | W58: Region of Western Greece
A60: =VLOOKUP(ListOfRegions!A37,ListOfRegions!A37:B111,2,0) -> Αχαϊας | B60: 184765 | C60: 8773 | D60: 2049.315 | E60: 38447 | F60: 8990.175 | G60: 29323 | H60: 6738.4 | I60: 67813 | J60: 16082.3 | K60: 215 | L60: 58.6 | M60: 39539 | N60: 29691.9 | O60: 650 | P60: 262.55 | Q60: ― | R60: ― | S60: ― | T60: ― | U60: 5 | V60: 0.8 | W60: Achaia
A61: =VLOOKUP(ListOfRegions!A38,ListOfRegions!A38:B112,2,0) -> Αιτωλ/νανίας | B61: 257634 | C61: 7589 | D61: 1779.85 | E61: 21288 | F61: 4205.31 | G61: 8822 | H61: 1944.13 | I61: 65608 | J61: 10663.693 | K61: ― | L61: ― | M61: 141462 | N61: 142269.4 | O61: 850 | P61: 493.13 | Q61: 12015 | R61: 6907 | S61: ― | T61: ― | U61: ― | V61: ― | W61: Etolia and Akarnania
A62: =VLOOKUP(ListOfRegions!A39,ListOfRegions!A39:B113,2,0) -> Ηλείας | B62: 294267 | C62: 5422 | D62: 1498.21 | E62: 1674 | F62: 396.8 | G62: 35290 | H62: 8118 | I62: 73725 | J62: 15682.465 | K62: 289 | L62: 66.3 | M62: 173092 | N62: 192615.93 | O62: 4755 | P62: 1906.6 | Q62: ― | R62: ― | S62: 20 | T62: 4 | U62: ― | V62: ― | W62: Ilia
A63: Περιφέρεια Πελοποννήσου | B63: 217105 | C63: 25881 | D63: 6923.615 | E63: 62450 | F63: 15236.88 | G63: 44883 | H63: 10643.832 | I63: 54753 | J63: 11377.855 | K63: 287 | L63: 88.4 | M63: 27005 | N63: 20285.04 | O63: 906 | P63: 373.18 | Q63: 900 | R63: 470 | S63: 0 | T63: 0 | U63: 40 | V63: 20.3 | W63: Region of Peloponnese
A65: =VLOOKUP(ListOfRegions!A40,ListOfRegions!A40:B114,2,0) -> Αρκαδίας | B65: 90517 | C65: 19572 | D65: 5286.785 | E65: 17628 | F65: 4493.54 | G65: 17934 | H65: 4600.532 | I65: 26562 | J65: 5440.74 | K65: 32 | L65: 4 | M65: 8356 | N65: 4962.14 | O65: 403 | P65: 183.5 | Q65: ― | R65: ― | S65: ― | T65: ― | U65: 30 | V65: 10.3 | W65: Arkadia
A66: =VLOOKUP(ListOfRegions!A41,ListOfRegions!A41:B115,2,0) -> Αργολίδας | B66: 30457 | C66: 1035 | D66: 222.5 | E66: 12455 | F66: 2597.8 | G66: 6995 | H66: 1392.2 | I66: 8582 | J66: 1595.6 | K66: ― | L66: ― | M66: 1390 | N66: 1226 | O66: ― | P66: ― | Q66: ― | R66: ― | S66: ― | T66: ― | U66: ― | V66: ― | W66: Argolida
A67: =VLOOKUP(ListOfRegions!A42,ListOfRegions!A42:B116,2,0) -> Κορινθίας | B67: 59267 | C67: 2540 | D67: 714.9 | E67: 29983 | F67: 7530.2 | G67: 14919 | H67: 3380.57 | I67: 10547 | J67: 2256.75 | K67: ― | L67: ― | M67: 1201 | N67: 1106.3 | O67: 77 | P67: 36 | Q67: ― | R67: ― | S67: ― | T67: ― | U67: ― | V67: ― | W67: Korinthia
A68: =VLOOKUP(ListOfRegions!A43,ListOfRegions!A43:B117,2,0) -> Λακωνίας | B68: 16942 | C68: 1958 | D68: 492.18 | E68: 1357 | F68: 330.74 | G68: 3493 | H68: 924.31 | I68: 4398 | J68: 964.45 | K68: 228 | L68: 76 | M68: 5380 | N68: 4338.4 | O68: 128 | P68: 75.6 | Q68: ― | R68: ― | S68: ― | T68: ― | U68: ― | V68: ― | W68: Lakonia
A69: =VLOOKUP(ListOfRegions!A44,ListOfRegions!A44:B118,2,0) -> Μεσσηνίας | B69: 19922 | C69: 776 | D69: 207.25 | E69: 1027 | F69: 284.6 | G69: 1542 | H69: 346.22 | I69: 4664 | J69: 1120.315 | K69: 27 | L69: 8.4 | M69: 10678 | N69: 8652.2 | O69: 298 | P69: 78.08 | Q69: 900 | R69: 470 | S69: ― | T69: ― | U69: 10 | V69: 10 | W69: Mesinia
A70: Περιφέρεια Αττικής | B70: 61913 | C70: 400 | D70: 43.55 | E70: 45870 | F70: 8524.43 | G70: 11435 | H70: 2013.95 | I70: 4205 | J70: 702.35 | K70: 0 | L70: 0 | M70: 3 | N70: 3 | O70: 0 | P70: 0 | Q70: 0 | R70: 0 | S70: 0 | T70: 0 | U70: 0 | V70: 0 | W70: Region of Attica
A72: =VLOOKUP(ListOfRegions!A45,ListOfRegions!A45:B119,2,0) -> Κεντρικού Τομέα Αθηνών | B72: 0 | C72: ― | D72: ― | E72: ― | F72: ― | G72: ― | H72: ― | I72: ― | J72: ― | K72: ― | L72: ― | M72: ― | N72: ― | O72: ― | P72: ― | Q72: ― | R72: ― | S72: ― | T72: ― | U72: ― | V72: ― | W72: Athens Central Section
A73: =VLOOKUP(ListOfRegions!A46,ListOfRegions!A46:B120,2,0) -> Βορείου Τομέα Αθηνών | B73: 20 | C73: ― | D73: ― | E73: 20 | F73: 4 | G73: ― | H73: ― | I73: ― | J73: ― | K73: ― | L73: ― | M73: ― | N73: ― | O73: ― | P73: ― | Q73: ― | R73: ― | S73: ― | T73: ― | U73: ― | V73: ― | W73: Athens North Section
A74: =VLOOKUP(ListOfRegions!A47,ListOfRegions!A47:B121,2,0) -> Δυτικού Τομέα Αθηνών | B74: 0 | C74: ― | D74: ― | E74: ― | F74: ― | G74: ― | H74: ― | I74: ― | J74: ― | K74: ― | L74: ― | M74: ― | N74: ― | O74: ― | P74: ― | Q74: ― | R74: ― | S74: ― | T74: ― | U74: ― | V74: ― | W74: Athens West Section
A75: =VLOOKUP(ListOfRegions!A48,ListOfRegions!A48:B122,2,0) -> Νοτίου Τομέα Αθηνών | B75: 0 | C75: ― | D75: ― | E75: ― | F75: ― | G75: ― | H75: ― | I75: ― | J75: ― | K75: ― | L75: ― | M75: ― | N75: ― | O75: ― | P75: ― | Q75: ― | R75: ― | S75: ― | T75: ― | U75: ― | V75: ― | W75: Athens South Section
A76: =VLOOKUP(ListOfRegions!A49,ListOfRegions!A49:B123,2,0) -> Ανατολικής Αττικής | B76: 20103 | C76: ― | D76: ― | E76: 17434 | F76: 2607.35 | G76: 2437 | H76: 455.8 | I76: 230 | J76: 47.85 | K76: ― | L76: ― | M76: 2 | N76: 2 | O76: ― | P76: ― | Q76: ― | R76: ― | S76: ― | T76: ― | U76: ― | V76: ― | W76: Athens East Section
A77: =VLOOKUP(ListOfRegions!A50,ListOfRegions!A50:B124,2,0) -> Δυτικής Αττικής | B77: 38811 | C77: ― | D77: ― | E77: 26660 | F77: 5605 | G77: 8400 | H77: 1471 | I77: 3750 | J77: 629 | K77: ― | L77: ― | M77: 1 | N77: 1 | O77: ― | P77: ― | Q77: ― | R77: ― | S77: ― | T77: ― | U77: ― | V77: ― | W77: West Attica
A78: =VLOOKUP(ListOfRegions!A51,ListOfRegions!A51:B125,2,0) -> Πειραιώς | B78: 0 | C78: ― | D78: ― | E78: ― | F78: ― | G78: ― | H78: ― | I78: ― | J78: ― | K78: ― | L78: ― | M78: ― | N78: ― | O78: ― | P78: ― | Q78: ― | R78: ― | S78: ― | T78: ― | U78: ― | V78: ― | W78: Pireaus
A79: =VLOOKUP(ListOfRegions!A52,ListOfRegions!A52:B126,2,0) -> Νήσων | B79: 2979 | C79: 400 | D79: 43.55 | E79: 1756 | F79: 308.08 | G79: 598 | H79: 87.15 | I79: 225 | J79: 25.5 | K79: ― | L79: ― | M79: ― | N79: ― | O79: ― | P79: ― | Q79: ― | R79: ― | S79: ― | T79: ― | U79: ― | V79: ― | W79: Attica Islands
A80: Περιφέρεια Βορείου Αιγαίου | B80: 146787 | C80: 22 | D80: 4.112 | E80: 43616 | F80: 6077.52 | G80: 93356 | H80: 11085.596 | I80: 8753 | J80: 1273.165 | K80: 9 | L80: 1 | M80: 672 | N80: 176.03 | O80: 350 | P80: 108.63 | Q80: 0 | R80: 0 | S80: 0 | T80: 0 | U80: 9 | V80: 0.675 | W80: Region of Northern Aegean
A82: =VLOOKUP(ListOfRegions!A53,ListOfRegions!A53:B127,2,0) -> Λέσβου | B82: 9317 | C82: ― | D82: ― | E82: 6413 | F82: 1078.7 | G82: 1230 | H82: 142.25 | I82: 1258 | J82: 175.05 | K82: ― | L82: ― | M82: 274 | N82: 59.23 | O82: 142 | P82: 58.89 | Q82: ― | R82: ― | S82: ― | T82: ― | U82: ― | V82: ― | W82: Lesbos
A83: =VLOOKUP(ListOfRegions!A54,ListOfRegions!A54:B128,2,0) -> Ικαρίας | B83: 596 | C83: 4 | D83: 0.832 | E83: 10 | F83: 1.4 | G83: 182 | H83: 24.966 | I83: 286 | J83: 32.64 | K83: ― | L83: ― | M83: 67 | N83: 45 | O83: 47 | P83: 33.8 | Q83: ― | R83: ― | S83: ― | T83: ― | U83: ― | V83: ― | W83: Ikaria
A84: =VLOOKUP(ListOfRegions!A55,ListOfRegions!A55:B129,2,0) -> Λήμνου | B84: 129484 | C84: ― | D84: ― | E84: 31184 | F84: 4269.2 | G84: 91005 | H84: 10828.7 | I84: 6820 | J84: 1024.93 | K84: 9 | L84: 1 | M84: 316 | N84: 66.25 | O84: 150 | P84: 15.35 | Q84: ― | R84: ― | S84: ― | T84: ― | U84: ― | V84: ― | W84: Limnos
A85: =VLOOKUP(ListOfRegions!A56,ListOfRegions!A56:B130,2,0) -> Σάμου. | B85: 4773 | C85: 18 | D85: 3.28 | E85: 4401 | F85: 549.89 | G85: 57 | H85: 7.4 | I85: 267 | J85: 31.245 | K85: ― | L85: ― | M85: 15 | N85: 5.55 | O85: 6 | P85: 0.24 | Q85: ― | R85: ― | S85: ― | T85: ― | U85: 9 | V85: 0.675 | W85: Samos
A86: =VLOOKUP(ListOfRegions!A57,ListOfRegions!A57:B131,2,0) -> Χίου | B86: 2617 | C86: ― | D86: ― | E86: 1608 | F86: 178.33 | G86: 882 | H86: 82.28 | I86: 122 | J86: 9.3 | K86: ― | L86: ― | M86: ― | N86: ― | O86: 5 | P86: 0.35 | Q86: ― | R86: ― | S86: ― | T86: ― | U86: ― | V86: ― | W86: Chios
A87: Περιφέρεια Νοτίου Αιγαίου | B87: 81207 | C87: 1558 | D87: 172.448 | E87: 31269 | F87: 4229.119 | G87: 37038 | H87: 4472.466 | I87: 10416 | J87: 2052.006 | K87: 25 | L87: 3.75 | M87: 310 | N87: 86.13 | O87: 258 | P87: 55.25 | Q87: 4 | R87: 1 | S87: 70 | T87: 6.1 | U87: 259 | V87: 32.19 | W87: Region of Southern Aegean
A89: =VLOOKUP(ListOfRegions!A58,ListOfRegions!A58:B132,2,0) -> Σύρου | B89: 253 | C89: ― | D89: ― | E89: ― | F89: ― | G89: 253 | H89: 43 | I89: ― | J89: ― | K89: ― | L89: ― | M89: ― | N89: ― | O89: ― | P89: ― | Q89: ― | R89: ― | S89: ― | T89: ― | U89: ― | V89: ― | W89: Syros
A90: =VLOOKUP(ListOfRegions!A59,ListOfRegions!A59:B133,2,0) -> Άνδρου | B90: 6275 | C90: 48 | D90: 9.6 | E90: ― | F90: ― | G90: 3904 | H90: 496.64 | I90: 1784 | J90: 237.05 | K90: ― | L90: ― | M90: 259 | N90: 60.85 | O90: 216 | P90: 47.25 | Q90: 4 | R90: 1 | S90: ― | T90: ― | U90: 60 | V90: 8.19 | W90: Andros
A91: =VLOOKUP(ListOfRegions!A60,ListOfRegions!A60:B134,2,0) -> Θήρας | B91: 1683 | C91: ― | D91: ― | E91: ― | F91: ― | G91: 1663 | H91: 185.1 | I91: 20 | J91: 0.7 | K91: ― | L91: ― | M91: ― | N91: ― | O91: ― | P91: ― | Q91: ― | R91: ― | S91: ― | T91: ― | U91: ― | V91: ― | W91: Thira
A92: =VLOOKUP(ListOfRegions!A61,ListOfRegions!A61:B135,2,0) -> Καλύμνου | B92: 2349 | C92: 220 | D92: 14.5 | E92: 588 | F92: 69.191 | G92: 1411 | H92: 98.601 | I92: 130 | J92: 17.001 | K92: ― | L92: ― | M92: ― | N92: ― | O92: ― | P92: ― | Q92: ― | R92: ― | S92: ― | T92: ― | U92: ― | V92: ― | W92: Kalimnos
A93: =VLOOKUP(ListOfRegions!A62,ListOfRegions!A62:B136,2,0) -> Καρπάθου | B93: 845 | C93: 60 | D93: 4.5 | E93: 617 | F93: 57.59 | G93: 106 | H93: 8.98 | I93: 62 | J93: 6.84 | K93: ― | L93: ― | M93: ― | N93: ― | O93: ― | P93: ― | Q93: ― | R93: ― | S93: ― | T93: ― | U93: ― | V93: ― | W93: Karpathos
A94: =VLOOKUP(ListOfRegions!A63,ListOfRegions!A63:B137,2,0) -> Κύθνου | B94: 1845 | C94: 15 | D94: 0.15 | E94: ― | F94: ― | G94: 1620 | H94: 166 | I94: 120 | J94: 12 | K94: ― | L94: ― | M94: 50 | N94: 25 | O94: 10 | P94: 5 | Q94: ― | R94: ― | S94: 10 | T94: 0.1 | U94: 20 | V94: 6 | W94: Kythnos
A95: =VLOOKUP(ListOfRegions!A64,ListOfRegions!A64:B138,2,0) -> Κω | B95: 17252 | C95: ― | D95: ― | E95: 7412 | F95: 1764.255 | G95: 4482 | H95: 535.6 | I95: 5308 | J95: 1343.79 | K95: ― | L95: ― | M95: ― | N95: ― | O95: ― | P95: ― | Q95: ― | R95: ― | S95: 50 | T95: 5 | U95: ― | V95: ― | W95: Kos
A96: =VLOOKUP(ListOfRegions!A65,ListOfRegions!A65:B139,2,0) -> Μήλου | B96: 5783 | C96: 326 | D96: 61.768 | E96: ― | F96: ― | G96: 4984 | H96: 781.84 | I96: 413 | J96: 48.5 | K96: ― | L96: ― | M96: ― | N96: ― | O96: ― | P96: ― | Q96: ― | R96: ― | S96: ― | T96: ― | U96: 60 | V96: 5.5 | W96: Milos
A97: =VLOOKUP(ListOfRegions!A66,ListOfRegions!A66:B140,2,0) -> Μυκόνου. | B97: 200 | C97: ― | D97: ― | E97: ― | F97: ― | G97: 200 | H97: 20 | I97: ― | J97: ― | K97: ― | L97: ― | M97: ― | N97: ― | O97: ― | P97: ― | Q97: ― | R97: ― | S97: ― | T97: ― | U97: ― | V97: ― | W97: Mykonos
A98: =VLOOKUP(ListOfRegions!A67,ListOfRegions!A67:B141,2,0) -> Νάξου | B98: 5059 | C98: 119 | D98: 3.93 | E98: 85 | F98: 7.36 | G98: 3156 | H98: 330.77 | I98: 1549 | J98: 219.6 | K98: 25 | L98: 3.75 | M98: ― | N98: ― | O98: ― | P98: ― | Q98: ― | R98: ― | S98: 10 | T98: 1 | U98: 115 | V98: 10 | W98: Naxos
A99: =VLOOKUP(ListOfRegions!A68,ListOfRegions!A68:B142,2,0) -> Πάρου | B99: 14535 | C99: 520 | D99: 52.6 | E99: 1118 | F99: 78.4 | G99: 12760 | H99: 1464.5 | I99: 105 | J99: 16.8 | K99: ― | L99: ― | M99: ― | N99: ― | O99: 32 | P99: 3 | Q99: ― | R99: ― | S99: ― | T99: ― | U99: ― | V99: ― | W99: Paros
A100: =VLOOKUP(ListOfRegions!A69,ListOfRegions!A69:B143,2,0) -> Ρόδου | B100: 23804 | C100: 250 | D100: 25.4 | E100: 21425 | F100: 2251.073 | G100: 1285 | H100: 233.135 | I100: 839 | J100: 141.85 | K100: ― | L100: ― | M100: 1 | N100: 0.28 | O100: ― | P100: ― | Q100: ― | R100: ― | S100: ― | T100: ― | U100: 4 | V100: 2.5 | W100: Rhodes
A101: =VLOOKUP(ListOfRegions!A70,ListOfRegions!A70:B144,2,0) -> Τήνου | B101: 1324 | C101: ― | D101: ― | E101: 24 | F101: 1.25 | G101: 1214 | H101: 108.3 | I101: 86 | J101: 7.875 | K101: ― | L101: ― | M101: ― | N101: ― | O101: ― | P101: ― | Q101: ― | R101: ― | S101: ― | T101: ― | U101: ― | V101: ― | W101: Tinos
A102: Περιφέρεια Κρήτης | B102: 38134 | C102: 4565 | D102: 1181.662 | E102: 9928 | F102: 1526.322 | G102: 12614 | H102: 1825.647 | I102: 9978 | J102: 2117.068 | K102: 33 | L102: 3.9 | M102: 801 | N102: 333.6 | O102: 129 | P102: 19.65 | Q102: 0 | R102: 0 | S102: 18 | T102: 3 | U102: 68 | V102: 7.68 | W102: Region of Crete
A104: =VLOOKUP(ListOfRegions!A71,ListOfRegions!A71:B145,2,0) -> Ηρακλείου | B104: 24646 | C104: 2060 | D104: 276.25 | E104: 9012 | F104: 1307.972 | G104: 9679 | H104: 1327.202 | I104: 3733 | J104: 507.63 | K104: 12 | L104: 1.8 | M104: 93 | N104: 224 | O104: 1 | P104: 0.6 | Q104: ― | R104: ― | S104: ― | T104: ― | U104: 56 | V104: 6.08 | W104: Heraklion
A105: =VLOOKUP(ListOfRegions!A72,ListOfRegions!A72:B146,2,0) -> Λασιθίου | B105: 7334 | C105: 2303 | D105: 873.092 | E105: 488 | F105: 153.06 | G105: 1405 | H105: 289.745 | I105: 2567 | J105: 995.508 | K105: 15 | L105: 1 | M105: 440 | N105: 47.7 | O105: 86 | P105: 8 | Q105: ― | R105: ― | S105: 18 | T105: 3 | U105: 12 | V105: 1.6 | W105: Lasithi
A106: =VLOOKUP(ListOfRegions!A73,ListOfRegions!A73:B147,2,0) -> Ρεθύμνης | B106: 5153 | C106: 80 | D106: 13.82 | E106: 428 | F106: 65.29 | G106: 1089 | H106: 160.7 | I106: 3513 | J106: 591.93 | K106: 6 | L106: 1.1 | M106: 28 | N106: 6.6 | O106: 9 | P106: 2.2 | Q106: ― | R106: ― | S106: ― | T106: ― | U106: ― | V106: ― | W106: Rethymno
A107: =VLOOKUP(ListOfRegions!A74,ListOfRegions!A74:B148,2,0) -> Χανίων | B107: 1001 | C107: 122 | D107: 18.5 | E107: ― | F107: ― | G107: 441 | H107: 48 | I107: 165 | J107: 22 | K107: ― | L107: ― | M107: 240 | N107: 55.3 | O107: 33 | P107: 8.85 | Q107: ― | R107: ― | S107: ― | T107: ― | U107: ― | V107: ― | W107: Chania
A108: 1=εκτάσεις, 2=παραγωγή | K108: 1=area, 2=production | M108: 1=εκτάσεις, 2=παραγωγή | X108: 1=area, 2=production
A109: (1) Σμιγδάνι, Κεχρί, φαλαρίδα, τριτικάλι, κλπ. | X109: (2) Maslin, millet, phalaris, triticale, etc.
N126: ―
