Workbook

Sheet ListOfRegions
A1: 01 | B1: Ροδόπης | H1: ΑΠΟΚΕΝΤΡΩΜΕΝΗ ΔΙΟΙΚΗΣΗ ΜΑΚΕΔΟΝΙΑΣ - ΘΡΑΚΗΣ
A2: 02 | B2: Δράμας
A3: 03 | B3: Έβρου | D3: ΠΕΡΙΦΕΡΕΙΑ ΑΝΑΤΟΛΙΚΗΣ ΜΑΚΕΔΟΝΙΑΣ
A4: 04 | B4: Θάσου | D4: ΚΑΙ ΘΡΑΚΗΣ
A5: 05 | B5: Καβάλας
A6: 06 | B6: Ξάνθης
A7: 07 | B7: Θεσσαλονίκης
A8: 08 | B8: Ημαθίας
A9: 09 | B9: Κιλκίς
A10: 10 | B10: Πέλλας
A11: 11 | B11: Πιερίας | D11: ΠΕΡΙΦΕΡΕΙΑ ΚΕΝΤΡΙΚΗΣ ΜΑΚΕΔΟΝΙΑΣ
A12: 12 | B12: Σερρών
A13: 13 | B13: Χαλκιδικής
A14: 14 | B14: Κοζάνης
A15: 15 | B15: Γρεβενών
A16: 16 | B16: Καστοριάς
A17: 17 | B17: Φλώρινας
A18: 18 | B18: Ιωαννίνων
A19: 19 | B19: Άρτας
A20: 20 | B20: Θεσπρωτίας | D20: ΠΕΡΙΦΕΡΕΙΑ ΗΠΕΙΡΟΥ
A21: 21 | B21: Πρέβεζας
A22: 22 | B22: Λάρισας | H22: ΑΠΟΚΕΝΤΡΩΜΕΝΗ ΔΙΟΙΚΗΣΗ ΘΕΣΣΑΛΙΑΣ - ΣΤΕΡΕΑΣ ΕΛΛΑΔΑΣ
A23: 23 | B23: Καρδίτσας
A24: 24 | B24: Μαγνησίας | D24: ΠΕΡΙΦΕΡΕΙΑ ΘΕΣΣΑΛΙΑΣ
A25: 25 | B25: Σποράδων
A26: 26 | B26: Τρικάλων
A27: 27 | B27: Φθιώτιδας
A28: 28 | B28: Βοιωτίας
A29: 29 | B29: Εύβοιας | D29: ΠΕΡΙΦΕΡΕΙΑ ΣΤΕΡΕΑΣ ΕΛΛΑΔΑΣ
A30: 30 | B30: Ευρυτανίας
A31: 31 | B31: Φωκίδας
A32: 32 | B32: Κέρκυρας | H32: ΑΠΟΚΕΝΤΡΩΜΕΝΗ ΔΙΟΙΚΗΣΗ ΠΕΛΟΠΟΝΝΗΣΟΥ, ΔΥΤΙΚΗΣ ΕΛΛΑΔΑΣ ΚΑΙ ΙΟΝΙΟΥ
A33: 33 | B33: Ζακύνθου
A34: 34 | B34: Ιθάκης | D34: ΠΕΡΙΦΕΡΕΙΑ ΙΟΝΙΩΝ ΝΗΣΩΝ
A35: 35 | B35: Κεφαλληνίας
A36: 36 | B36: Λευκάδας
A37: 37 | B37: Αχαϊας
A38: 38 | B38: Αιτωλ/νανίας | D38: ΠΕΡΙΦΕΡΕΙΑ ΔΥΤΙΚΗΣ ΕΛΛΑΔΑΣ
A39: 39 | B39: Ηλείας
A40: 40 | B40: Αρκαδίας
A41: 41 | B41: Αργολίδας
A42: 42 | B42: Κορινθίας | D42: ΠΕΡΙΦΕΡΕΙΑ ΠΕΛΟΠΟΝΝΗΣΟΥ
A43: 43 | B43: Λακωνίας
A44: 44 | B44: Μεσσηνίας
A45: 45 | B45: Κεντρικού Τομέα Αθηνών | H45: ΑΠΟΚΕΝΤΡΩΜΕΝΗ ΔΙΟΙΚΗΣΗ ΑΤΤΙΚΗΣ
A46: 46 | B46: Βορείου Τομέα Αθηνών
A47: 47 | B47: Δυτικού Τομέα Αθηνών
A48: 48 | B48: Νοτίου Τομέα Αθηνών
A49: 49 | B49: Ανατολικής Αττικής | E49: ΠΕΡΙΦΕΡΕΙΑ ΑΤΤΙΚΗΣ
A50: 50 | B50: Δυτικής Αττικής
A51: 51 | B51: Πειραιώς
A52: 52 | B52: Νήσων
A53: 53 | B53: Λέσβου | H53: ΑΠΟΚΕΝΤΡΩΜΕΝΗ ΔΙΟΙΚΗΣΗ ΑΙΓΑΙΟΥ
A54: 54 | B54: Ικαρίας
A55: 55 | B55: Λήμνου | D55: ΠΕΡΙΦΕΡΕΙΑ ΒΟΡΕΙΟΥ ΑΙΓΑΙΟΥ
A56: 56 | B56: Σάμου.
A57: 57 | B57: Χίου
A58: 58 | B58: Σύρου
A59: 59 | B59: Άνδρου
A60: 60 | B60: Θήρας
A61: 61 | B61: Καλύμνου
A62: 62 | B62: Καρπάθου
A63: 63 | B63: Κύθνου | D63: ΠΕΡΙΦΕΡΕΙΑ ΝΟΤΙΟΥ ΑΙΓΑΙΟΥ
A64: 64 | B64: Κω
A65: 65 | B65: Μήλου
A66: 66 | B66: Μυκόνου.
A67: 67 | B67: Νάξου
A68: 68 | B68: Πάρου
A69: 69 | B69: Ρόδου
A70: 70 | B70: Τήνου
A71: 71 | B71: Ηρακλείου
A72: 72 | B72: Λασιθίου | H72: ΑΠΟΚΕΝΤΡΩΜΕΝΗ ΔΙΟΙΚΗΣΗ ΚΡΗΤΗΣ
A73: 73 | B73: Ρεθύμνης | D73: ΠΕΡΙΦΕΡΕΙΑ ΚΡΗΤΗΣ
A74: 74 | B74: Χανίων
A75: 99 | B75: Αγίου Όρους | D75: ΑΓΙΟ ΟΡΟΣ (ΑΥΤΟΔΙΟΙΚΗΤΟ)

Sheet Πίνακας2(α)Συνολικός
A1: 2. Αροτραίες καλλιέργειες | O1: 2. Crops on arable land
A2: 2α. Σιτηρά για καρπό. Εκτάσεις και παραγωγή κατά περιφέρειες και περιφερειακές ενότητες. Έτος 2013 | O2: Table 2a. Cereals for grain. Areas and production, by geograpic region and regional unities, 2013
A3: Εκτάσεις σε στρέμματα, παραγωγή σε τόνους | W3: Areas in stremmas, production in tons
A4: Περιφέρειες και Περιφερειακές Ενότητες | B4: Σύνολο Εκτάσεων Total Area | C4: Σιτάρι Wheat | G4: Κριθάρι Barley | I4: Βρώμη Oats | K4: Σίκαλη Rye | M4: Αραβόσιτος - Maize | Q4: Ρύζι Rice | S4: Σόργο Sorghum | U4: Λοιπά(1) Other | W4: Regions and Regional Unities (NUTS 2)
C6: Μαλακό Soft | E6: Σκληρό Hard | M6: χωρίς συγκαλλιέργεια grown alone | O6: συγκαλλιεργούμενος με φασόλια και άλλα είδη grown with beans and other crops
C7: 1 | D7: 2 | E7: 1 | F7: 2 | G7: 1 | H7: 2 | I7: 1 | J7: 2 | K7: 1 | L7: 2 | M7: 1 | N7: 2 | O7: 1 | P7: 2 | Q7: 1 | R7: 2 | S7: 1 | T7: 2 | U7: 1 | V7: 2
A8: Σύνολο Ελλάδας | B8: =SUM(C8,E8,G8,I8,K8,M8,O8,Q8,S8,U8) -> 11031406 | C8: =SUM(C10,C18,C27,C32,C38,C45,C52,C59,C64,C71,C81,C88,C103) -> 1836690 | D8: =SUM(D10,D18,D27,D32,D38,D45,D52,D59,D64,D71,D81,D88,D103) -> 520652.13 | E8: =SUM(E10,E18,E27,E32,E38,E45,E52,E59,E64,E71,E81,E88,E103) -> 4758143 | F8: =SUM(F10,F18,F27,F32,F38,F45,F52,F59,F64,F71,F81,F88,F103) -> 1311208 | G8: =SUM(G10,G18,G27,G32,G38,G45,G52,G59,G64,G71,G81,G88,G103) -> 1370879 | H8: =SUM(H10,H18,H27,H32,H38,H45,H52,H59,H64,H71,H81,H88,H103) -> 381071.18 | I8: =SUM(I10,I18,I27,I32,I38,I45,I52,I59,I64,I71,I81,I88,I103) -> 449487 | J8: =SUM(J10,J18,J27,J32,J38,J45,J52,J59,J64,J71,J81,J88,J103) -> 92238.205 | ... V8: =SUM(V10,V18,V27,V32,V38,V45,V52,V59,V64,V71,V81,V88,V103) -> 11345.866 | W8: Greece Total
A10: Περιφέρεια Ανατολικής Μακεδονίας και Θράκης | B10: =SUM(C10,E10,G10,I10,K10,M10,O10,Q10,S10,U10) -> 1596364 | C10: =SUM(C12:C17) -> 379703 | D10: =SUM(D12:D17) -> 118677.22 | E10: =SUM(E12:E17) -> 531848 | F10: =SUM(F12:F17) -> 153259.74 | G10: =SUM(G12:G17) -> 122171 | H10: =SUM(H12:H17) -> 34238.015 | I10: =SUM(I12:I17) -> 7612 | J10: =SUM(J12:J17) -> 1543.09 | ... V10: =SUM(V12:V17) -> 991.17 | W10: Region of Eastern Macedonia and Thrace
A12: =VLOOKUP(ListOfRegions!$A$1,ListOfRegions!$A$1:B75,2,0) -> Ροδόπης | B12: =SUM(C12,E12,G12,I12,K12,M12,O12,Q12,S12,U12) -> 222442 | C12: 68318 | D12: 21797 | E12: 87259 | F12: 24740.725 | G12: 38832 | H12: 10860.115 | I12: 1455 | J12: 246.25 | K12: 2145 | L12: 318.3 | M12: 23723 | N12: 26725.7 | O12: — | P12: — | Q12: 0 | R12: 0 | S12: — | T12: — | U12: 710 | V12: 152.5 | W12: Rodopi
A13: =VLOOKUP(ListOfRegions!$A$2,ListOfRegions!$A$2:B76,2,0) -> Δράμας | B13: =SUM(C13,E13,G13,I13,K13,M13,O13,Q13,S13,U13) -> 326637 | C13: 60443 | D13: 15686.77 | E13: 99851 | F13: 28030.085 | G13: 33197 | H13: 8309.45 | I13: 4860 | J13: 933.8 | K13: 750 | L13: 109 | M13: 127431 | N13: 125657.7 | O13: — | P13: — | Q13: 0 | R13: 0 | S13: — | T13: — | U13: 105 | V13: 31.53 | W13: Drama
A14: =VLOOKUP(ListOfRegions!A3,ListOfRegions!A3:B77,2,0) -> Έβρου | B14: =SUM(C14,E14,G14,I14,K14,M14,O14,Q14,S14,U14) -> 562194 | C14: 163774 | D14: 55377.569 | E14: 309516 | F14: 91180.88 | G14: 34777 | H14: 10829.84 | I14: 827 | J14: 270.64 | K14: 4299 | L14: 1201.56 | M14: 44068 | N14: 50543.14 | O14: — | P14: — | Q14: 2500 | R14: 1750 | S14: — | T14: — | U14: 2433 | V14: 796.14 | W14: Evros
A15: =VLOOKUP(ListOfRegions!A4,ListOfRegions!A4:B78,2,0) -> Θάσου | B15: =SUM(C15,E15,G15,I15,K15,M15,O15,Q15,S15,U15) -> 22 | C15: — | D15: — | E15: — | F15: — | G15: — | H15: — | I15: — | J15: — | K15: — | L15: — | M15: 22 | N15: 17.75 | O15: — | P15: — | Q15: 0 | R15: 0 | S15: — | T15: — | U15: — | V15: — | W15: Thasos
A16: =VLOOKUP(ListOfRegions!A5,ListOfRegions!A5:B79,2,0) -> Καβάλας | B16: =SUM(C16,E16,G16,I16,K16,M16,O16,Q16,S16,U16) -> 245913 | C16: 24696 | D16: 6675.305 | E16: 10434 | F16: 2500.3 | G16: 5775 | H16: 1274.69 | I16: 470 | J16: 92.4 | K16: 340 | L16: 79.52 | M16: 182293 | N16: 187253.25 | O16: 5 | P16: 4 | Q16: 21765 | R16: 15175.75 | S16: 80 | T16: 11 | U16: 55 | V16: 11 | W16: Kavala
A17: =VLOOKUP(ListOfRegions!A6,ListOfRegions!A6:B80,2,0) -> Ξάνθης | B17: =SUM(C17,E17,G17,I17,K17,M17,O17,Q17,S17,U17) -> 239156 | C17: 62472 | D17: 19140.58 | E17: 24788 | F17: 6807.755 | G17: 9590 | H17: 2963.92 | I17: — | J17: — | K17: 1015 | L17: 132.7 | M17: 141291 | N17: 159105.11 | O17: — | P17: — | Q17: 0 | R17: 0 | S17: — | T17: — | U17: — | V17: — | W17: Xanthi
A18: Περιφέρεια Κεντρικής Μακεδονίας | B18: =SUM(C18,E18,G18,I18,K18,M18,O18,Q18,S18,U18) -> 3480646 | C18: =SUM(C20:C26) -> 670645 | D18: =SUM(D20:D26) -> 175353.46 | E18: =SUM(E20:E26) -> 1632197 | F18: =SUM(F20:F26) -> 390054.24 | G18: =SUM(G20:G26) -> 335651 | H18: =SUM(H20:H26) -> 106553.94 | I18: =SUM(I20:I26) -> 48585 | J18: =SUM(J20:J26) -> 9761.18 | ... V18: =SUM(V20:V26) -> 7787.972 | W18: Region of Central Macedonia
A20: =VLOOKUP(ListOfRegions!A7,ListOfRegions!A7:B81,2,0) -> Θεσσαλονίκης | B20: =SUM(C20,E20,G20,I20,K20,M20,O20,Q20,S20,U20) -> 867997 | C20: 201238 | D20: 55396.69 | E20: 271096 | F20: 72347.332 | G20: 117882 | H20: 35286.705 | I20: 17657 | J20: 3717.05 | K20: 16645 | L20: 3150.99 | M20: 57438 | N20: 67608.8 | O20: — | P20: — | Q20: 177582 | R20: 168093.2 | S20: — | T20: — | U20: 8459 | V20: 2262.11 | W20: Thessaloniki
A21: =VLOOKUP(ListOfRegions!A8,ListOfRegions!A8:B82,2,0) -> Ημαθίας | B21: =SUM(C21,E21,G21,I21,K21,M21,O21,Q21,S21,U21) -> 148485 | C21: 17097 | D21: 6267.41 | E21: 52561 | F21: 17524.94 | G21: 10614 | H21: 3648.9 | I21: 170 | J21: 58.5 | K21: — | L21: — | M21: 54218 | N21: 53241.25 | O21: 190 | P21: 152 | Q21: 12815 | R21: 8077.8 | S21: — | T21: — | U21: 820 | V21: 260.9 | W21: Imathia
A22: =VLOOKUP(ListOfRegions!A9,ListOfRegions!A9:B83,2,0) -> Κιλκίς | B22: =SUM(C22,E22,G22,I22,K22,M22,O22,Q22,S22,U22) -> 693402 | C22: 205289 | D22: 39849.925 | E22: 395479 | F22: 76346.27 | G22: 30344 | H22: 6080.48 | I22: 3710 | J22: 667.94 | K22: 4744 | L22: 720.985 | M22: 33660 | N22: 32423.345 | O22: — | P22: — | Q22: 0 | R22: 0 | S22: 465 | T22: 61 | U22: 19711 | V22: 3601.282 | W22: Kilkis
A23: =VLOOKUP(ListOfRegions!A10,ListOfRegions!A10:B84,2,0) -> Πέλλας | B23: =SUM(C23,E23,G23,I23,K23,M23,O23,Q23,S23,U23) -> 252921 | C23: 33490 | D23: 9323.57 | E23: 82266 | F23: 26832.26 | G23: 43136 | H23: 15234.78 | I23: 2800 | J23: 570.635 | K23: 1558 | L23: 309.475 | M23: 88000 | N23: 87803.1 | O23: 50 | P23: 30 | Q23: 631 | R23: 529.03 | S23: — | T23: — | U23: 990 | V23: 288.1 | W23: Pella
A24: =VLOOKUP(ListOfRegions!A11,ListOfRegions!A11:B85,2,0) -> Πιερίας | B24: =SUM(C24,E24,G24,I24,K24,M24,O24,Q24,S24,U24) -> 243060 | C24: 59985 | D24: 19916.54 | E24: 116641 | F24: 33346.149 | G24: 21655 | H24: 7148.2 | I24: 4950 | J24: 1297.44 | K24: 90 | L24: 20.8 | M24: 28159 | N24: 32036.3 | O24: — | P24: — | Q24: 10580 | R24: 8464 | S24: — | T24: — | U24: 1000 | V24: 200 | W24: Pieria
A25: =VLOOKUP(ListOfRegions!A12,ListOfRegions!A12:B86,2,0) -> Σερρών | B25: =SUM(C25,E25,G25,I25,K25,M25,O25,Q25,S25,U25) -> 903051 | C25: 110910 | D25: 36188.225 | E25: 447496 | F25: 109515.59 | G25: 75654 | H25: 29186.525 | I25: 930 | J25: 262.6 | K25: 3580 | L25: 929.14 | M25: 231449 | N25: 259470.32 | O25: — | P25: — | Q25: 30736 | R25: 17971.98 | S25: — | T25: — | U25: 2296 | V25: 610.23 | W25: Serres
A26: =VLOOKUP(ListOfRegions!A13,ListOfRegions!A13:B87,2,0) -> Χαλκιδικής | B26: =SUM(C26,E26,G26,I26,K26,M26,O26,Q26,S26,U26) -> 371730 | C26: 42636 | D26: 8411.095 | E26: 266658 | F26: 54141.695 | G26: 36366 | H26: 9968.35 | I26: 18368 | J26: 3187.015 | K26: 951 | L26: 166.68 | M26: 2972 | N26: 3168.43 | O26: 10 | P26: 2 | Q26: 0 | R26: 0 | S26: — | T26: — | U26: 3769 | V26: 565.35 | W26: Chalkidiki | AB26: —
A27: Περιφέρεια Δυτικής Μακεδονίας | B27: =SUM(C27,E27,G27,I27,K27,M27,O27,Q27,S27,U27) -> 1361286 | C27: =SUM(C28:C31) -> 481295 | D27: =SUM(D28:D31) -> 136818.49 | E27: =SUM(E28:E31) -> 403312 | F27: =SUM(F28:F31) -> 100348.37 | G27: =SUM(G28:G31) -> 216860 | H27: =SUM(H28:H31) -> 64497.04 | I27: =SUM(I28:I31) -> 10650 | J27: =SUM(J28:J31) -> 2469.325 | ... V27: =SUM(V28:V31) -> 1769.64 | W27: Region of Western Macedonia
A28: =VLOOKUP(ListOfRegions!A14,ListOfRegions!A14:B88,2,0) -> Κοζάνης | B28: =SUM(C28,E28,G28,I28,K28,M28,O28,Q28,S28,U28) -> 676839 | C28: 182922 | D28: 56447.452 | E28: 328536 | F28: 83658.268 | G28: 80672 | H28: 27138.176 | I28: 6464 | J28: 1479.2 | K28: 15147 | L28: 3523.25 | M28: 62033 | N28: 79985.68 | O28: 45 | P28: 33.1 | Q28: 0 | R28: 0 | S28: — | T28: — | U28: 1020 | V28: 195.1 | W28: Kozani
A29: =VLOOKUP(ListOfRegions!A15,ListOfRegions!A15:B89,2,0) -> Γρεβενών | B29: =SUM(C29,E29,G29,I29,K29,M29,O29,Q29,S29,U29) -> 255705 | C29: 171312 | D29: 51226.885 | E29: 8773 | F29: 2400.97 | G29: 58260 | H29: 18936.24 | I29: 3378 | J29: 817.625 | K29: 798 | L29: 127.6 | M29: 7626 | N29: 8078.25 | O29: — | P29: — | Q29: 0 | R29: 0 | S29: — | T29: — | U29: 5558 | V29: 1268.14 | W29: Grevena
A30: =VLOOKUP(ListOfRegions!A16,ListOfRegions!A16:B90,2,0) -> Καστοριάς | B30: =SUM(C30,E30,G30,I30,K30,M30,O30,Q30,S30,U30) -> 159361 | C30: 78500 | D30: 16807.83 | E30: 39387 | F30: 7977.88 | G30: 15077 | H30: 3553.32 | I30: 658 | J30: 139.5 | K30: 12429 | L30: 2512.18 | M30: 12801 | N30: 12691.3 | O30: 9 | P30: 0.9 | Q30: 0 | R30: 0 | S30: — | T30: — | U30: 500 | V30: 100 | W30: Kastoria
A31: =VLOOKUP(ListOfRegions!A17,ListOfRegions!A17:B91,2,0) -> Φλώρινας | B31: =SUM(C31,E31,G31,I31,K31,M31,O31,Q31,S31,U31) -> 269381 | C31: 48561 | D31: 12336.325 | E31: 26616 | F31: 6311.25 | G31: 62851 | H31: 14869.304 | I31: 150 | J31: 33 | K31: 68265 | L31: 14926.889 | M31: 61901 | N31: 75344.91 | O31: — | P31: — | Q31: 0 | R31: 0 | S31: — | T31: — | U31: 1037 | V31: 206.4 | W31: Florina
A32: Περιφέρεια Ηπείρου | B32: =SUM(C32,E32,G32,I32,K32,M32,O32,Q32,S32,U32) -> 154455 | C32: =SUM(C34:C37) -> 4806 | D32: =SUM(D34:D37) -> 1277.35 | E32: =SUM(E34:E37) -> 1440 | F32: =SUM(F34:F37) -> 363.28 | G32: =SUM(G34:G37) -> 7199 | H32: =SUM(H34:H37) -> 1762.48 | I32: =SUM(I34:I37) -> 15225 | J32: =SUM(J34:J37) -> 3915.086 | ... V32: =SUM(V34:V37) -> 7.16 | W32: Region of Epirus
A34: =VLOOKUP(ListOfRegions!A18,ListOfRegions!A18:B92,2,0) -> Ιωαννίνων | B34: =SUM(C34,E34,G34,I34,K34,M34,O34,Q34,S34,U34) -> 55744 | C34: 3736 | D34: 1077.81 | E34: 420 | F34: 84.73 | G34: 4443 | H34: 1035.65 | I34: 1696 | J34: 341.456 | K34: 8487 | L34: 1774.96 | M34: 36236 | N34: 33352.675 | O34: 669 | P34: 255.4 | Q34: 0 | R34: 0 | S34: 50 | T34: 7 | U34: 7 | V34: 2.36 | W34: Ionnina
A35: =VLOOKUP(ListOfRegions!A19,ListOfRegions!A19:B93,2,0) -> Άρτας | B35: =SUM(C35,E35,G35,I35,K35,M35,O35,Q35,S35,U35) -> 27015 | C35: 990 | D35: 186.4 | E35: 655 | F35: 195.4 | G35: 1368 | H35: 415.38 | I35: 3709 | J35: 974.35 | K35: 23 | L35: 3.6 | M35: 18772 | N35: 15876.5 | O35: 798 | P35: 327.7 | Q35: 670 | R35: 335 | S35: — | T35: — | U35: 30 | V35: 4.8 | W35: Arta
A36: =VLOOKUP(ListOfRegions!A20,ListOfRegions!A20:B94,2,0) -> Θεσπρωτίας | B36: =SUM(C36,E36,G36,I36,K36,M36,O36,Q36,S36,U36) -> 20492 | C36: 3 | D36: 0.84 | E36: 10 | F36: 2 | G36: 623 | H36: 160 | I36: 3148 | J36: 712.6 | K36: 101 | L36: 12.9 | M36: 14503 | N36: 14245.96 | O36: 4 | P36: 0.75 | Q36: 2100 | R36: 1660 | S36: — | T36: — | U36: — | V36: — | W36: Thesprotia
A37: =VLOOKUP(ListOfRegions!A21,ListOfRegions!A21:B95,2,0) -> Πρέβεζας | B37: =SUM(C37,E37,G37,I37,K37,M37,O37,Q37,S37,U37) -> 51204 | C37: 77 | D37: 12.3 | E37: 355 | F37: 81.15 | G37: 765 | H37: 151.45 | I37: 6672 | J37: 1886.68 | K37: 346 | L37: 68.7 | M37: 42914 | N37: 44758.633 | O37: 5 | P37: 8 | Q37: 0 | R37: 0 | S37: 70 | T37: 8 | U37: — | V37: — | W37: Preveza
A38: Περιφέρεια Θεσσαλίας | B38: =SUM(C38,E38,G38,I38,K38,M38,O38,Q38,S38,U38) -> 2094709 | C38: =SUM(C40:C44) -> 211287 | D38: =SUM(D40:D44) -> 66393.278 | E38: =SUM(E40:E44) -> 1170883 | F38: =SUM(F40:F44) -> 395482.18 | G38: =SUM(G40:G44) -> 305267 | H38: =SUM(H40:H44) -> 99091.847 | I38: =SUM(I40:I44) -> 40185 | J38: =SUM(J40:J44) -> 10714.042 | ... V38: =SUM(V40:V44) -> 734.5 | W38: Region of Thessally
A40: =VLOOKUP(ListOfRegions!A22,ListOfRegions!A22:B96,2,0) -> Λάρισας | B40: =SUM(C40,E40,G40,I40,K40,M40,O40,Q40,S40,U40) -> 1313769 | C40: 141385 | D40: 43103.506 | E40: 786815 | F40: 274395.09 | G40: 199818 | H40: 67101.48 | I40: 23790 | J40: 6732.712 | K40: 6412 | L40: 1380.12 | M40: 151031 | N40: 185940.85 | O40: 1500 | P40: 1710 | Q40: — | R40: — | S40: 100 | T40: 100 | U40: 2918 | V40: 701.5 | W40: Larissa
A41: =VLOOKUP(ListOfRegions!A23,ListOfRegions!A23:B97,2,0) -> Καρδίτσας | B41: =SUM(C41,E41,G41,I41,K41,M41,O41,Q41,S41,U41) -> 308276 | C41: 23782 | D41: 8354.5 | E41: 192388 | F41: 67690.85 | G41: 10696 | H41: 3566.1 | I41: 7545 | J41: 2039 | K41: 30 | L41: 4.5 | M41: 73694 | N41: 79135.475 | O41: 141 | P41: 31.85 | Q41: — | R41: — | S41: — | T41: — | U41: — | V41: — | W41: Karditsa
A42: =VLOOKUP(ListOfRegions!A24,ListOfRegions!A24:B98,2,0) -> Μαγνησίας | B42: =SUM(C42,E42,G42,I42,K42,M42,O42,Q42,S42,U42) -> 264037 | C42: 10350 | D42: 2746 | E42: 148952 | F42: 38063.6 | G42: 73211 | H42: 21283.85 | I42: 4006 | J42: 773.5 | K42: — | L42: — | M42: 27518 | N42: 38193.8 | P42: 0 | Q42: — | R42: — | S42: — | T42: — | U42: — | V42: — | W42: Magnesia
A43: =VLOOKUP(ListOfRegions!A25,ListOfRegions!A25:B99,2,0) -> Σποράδων | B43: =SUM(C43,E43,G43,I43,K43,M43,O43,Q43,S43,U43) -> 15 | C43: — | D43: — | E43: — | F43: — | G43: — | H43: — | I43: — | J43: — | K43: — | L43: — | M43: 15 | N43: 8 | O43: — | P43: — | Q43: — | R43: — | S43: — | T43: — | U43: — | V43: — | W43: Sporades Islands
A44: =VLOOKUP(ListOfRegions!A26,ListOfRegions!A26:B100,2,0) -> Τρικάλων | B44: =SUM(C44,E44,G44,I44,K44,M44,O44,Q44,S44,U44) -> 208612 | C44: 35770 | D44: 12189.272 | E44: 42728 | F44: 15332.635 | G44: 21542 | H44: 7140.417 | I44: 4844 | J44: 1168.83 | K44: 222 | L44: 28.52 | M44: 103310 | N44: 126294.98 | O44: 34 | P44: 9.6 | Q44: — | R44: — | S44: — | T44: — | U44: 162 | V44: 33 | W44: Trikala
A45: Περιφέρεια Στερεάς Ελλάδας | B45: =SUM(C45,E45,G45,I45,K45,M45,O45,Q45,S45,U45) -> 1072570 | C45: =SUM(C47:C51) -> 32771 | D45: =SUM(D47:D51) -> 8553.365 | E45: =SUM(E47:E51) -> 780579 | F45: =SUM(F47:F51) -> 227924.93 | G45: =SUM(G47:G51) -> 113263 | H45: =SUM(H47:H51) -> 29442.48 | I45: =SUM(I47:I51) -> 34428 | J45: =SUM(J47:J51) -> 6624.36 | ... V45: =SUM(V47:V51) -> 0 | W45: Region of Central Greece
A47: =VLOOKUP(ListOfRegions!A27,ListOfRegions!A27:B101,2,0) -> Φθιώτιδας | B47: =SUM(C47,E47,G47,I47,K47,M47,O47,Q47,S47,U47) -> 574893 | C47: 19887 | D47: 5541.275 | E47: 435888 | F47: 122960.97 | G47: 43020 | H47: 12827.1 | I47: 9424 | J47: 1938 | K47: 31 | L47: 9.6 | M47: 57781 | N47: 60503.17 | O47: 62 | P47: 26.63 | Q47: 8700 | R47: 6578.76 | S47: 100 | T47: 16 | U47: — | V47: — | W47: Pthiotida
A48: =VLOOKUP(ListOfRegions!A28,ListOfRegions!A28:B102,2,0) -> Βοιωτίας | B48: =SUM(C48,E48,G48,I48,K48,M48,O48,Q48,S48,U48) -> 353653 | C48: 80 | D48: 24 | E48: 279435 | F48: 91987.5 | G48: 41775 | H48: 9636.2 | I48: 5570 | J48: 1445.3 | L48: 0 | M48: 26793 | N48: 30222.3 | P48: 0 | Q48: — | R48: — | S48: — | T48: — | U48: — | V48: — | W48: Viotia
A49: =VLOOKUP(ListOfRegions!A29,ListOfRegions!A29:B103,2,0) -> Εύβοιας | B49: =SUM(C49,E49,G49,I49,K49,M49,O49,Q49,S49,U49) -> 121601 | C49: 6892 | D49: 1853.44 | E49: 59522 | F49: 12020.61 | G49: 26785 | H49: 6680.08 | I49: 14805 | J49: 2740.86 | K49: 55 | L49: 24.75 | M49: 13120 | N49: 10525.926 | O49: 402 | P49: 89.583 | Q49: 20 | R49: 4.4 | S49: — | T49: — | U49: — | V49: — | W49: Evia
A50: =VLOOKUP(ListOfRegions!A30,ListOfRegions!A30:B104,2,0) -> Ευρυτανίας | B50: =SUM(C50,E50,G50,I50,K50,M50,O50,Q50,S50,U50) -> 1331 | C50: 18 | D50: 1.9 | E50: 104 | F50: 10.4 | G50: 49 | H50: 5.4 | I50: 163 | J50: 20.5 | K50: — | L50: — | M50: 420 | N50: 191.47 | O50: 577 | P50: 122.14 | Q50: — | R50: — | S50: — | T50: — | U50: — | V50: — | W50: Evritania
A51: =VLOOKUP(ListOfRegions!A31,ListOfRegions!A31:B105,2,0) -> Φωκίδας | B51: =SUM(C51,E51,G51,I51,K51,M51,O51,Q51,S51,U51) -> 21092 | C51: 5894 | D51: 1132.75 | E51: 5630 | F51: 945.45 | G51: 1634 | H51: 293.7 | I51: 4466 | J51: 479.7 | K51: 10 | L51: 2.5 | M51: 3437 | N51: 2193.43 | O51: 21 | P51: 3.01 | Q51: — | R51: — | S51: — | T51: — | U51: — | V51: — | W51: Fokida
A52: Περιφέρεια Ιονίων Νήσων | B52: =SUM(C52,E52,G52,I52,K52,M52,O52,Q52,S52,U52) -> 35098 | C52: =SUM(C54:C58) -> 610 | D52: =SUM(D54:D58) -> 40.67 | E52: =SUM(E54:E58) -> 15066 | F52: =SUM(F54:F58) -> 2162.565 | G52: =SUM(G54:G58) -> 2598 | H52: =SUM(H54:H58) -> 330.78 | I52: =SUM(I54:I58) -> 9086 | J52: =SUM(J54:J58) -> 1170.955 | ... V52: =SUM(V54:V58) -> 0.5 | W52: Region of Ionian Islands
A54: =VLOOKUP(ListOfRegions!A32,ListOfRegions!A32:B106,2,0) -> Κέρκυρας | B54: =SUM(C54,E54,G54,I54,K54,M54,O54,Q54,S54,U54) -> 6547 | C54: 32 | D54: 5.4 | E54: — | F54: — | G54: 49 | H54: 7.91 | I54: 325 | J54: 35.43 | K54: 19 | L54: 6.5 | M54: 2678 | N54: 710.375 | O54: 3444 | P54: 457.489 | Q54: — | R54: — | S54: — | T54: — | U54: — | V54: — | W54: Corfu
A55: =VLOOKUP(ListOfRegions!A33,ListOfRegions!A33:B107,2,0) -> Ζακύνθου | B55: =SUM(C55,E55,G55,I55,K55,M55,O55,Q55,S55,U55) -> 17557 | D55: 0 | E55: 11924 | F55: 1768.91 | G55: 1993 | H55: 250.25 | I55: 2214 | J55: 336.275 | K55: 709 | L55: 124.788 | M55: 578 | N55: 229.058 | O55: 139 | P55: 50.35 | Q55: — | R55: — | S55: — | T55: — | U55: — | V55: — | W55: Zakynthos
A56: =VLOOKUP(ListOfRegions!A34,ListOfRegions!A34:B108,2,0) -> Ιθάκης | B56: =SUM(C56,E56,G57,I56,K56,M56,O56,Q56,S56,U56) -> 330 | C56: — | D56: — | E56: — | F56: — | G56: — | H56: — | I56: — | J56: — | K56: — | L56: — | M56: — | N56: — | O56: — | P56: — | Q56: — | R56: — | S56: — | T56: — | U56: — | V56: — | W56: Ithaka
A57: =VLOOKUP(ListOfRegions!A35,ListOfRegions!A35:B109,2,0) -> Κεφαλληνίας | B57: =SUM(C57,E57,G58,I57,K57,M57,O57,Q57,S57,U57) -> 10052 | C57: 536 | D57: 29.95 | E57: 3124 | F57: 388.455 | G57: 330 | H57: 45.85 | I57: 6141 | J57: 751.19 | K57: 6 | L57: 0.35 | M57: 15 | N57: 2.6 | O57: 2 | P57: 0.3 | Q57: — | R57: — | S57: — | T57: — | U57: 2 | V57: 0.5 | W57: Kefallonia
A58: =VLOOKUP(ListOfRegions!A36,ListOfRegions!A36:B110,2,0) -> Λευκάδας | B58: =SUM(C58,E58,G59,I58,K58,M58,O58,Q58,S58,U58) -> 73147 | C58: 42 | D58: 5.32 | E58: 18 | F58: 5.2 | G58: 226 | H58: 26.77 | I58: 406 | J58: 48.06 | K58: 9 | L58: 4.5 | M58: 109 | N58: 38.5 | O58: 28 | P58: 10.45 | Q58: — | R58: — | S58: — | T58: — | U58: — | V58: — | W58: Lefkada
A59: Περιφέρεια Δυτικής Ελλάδας | B59: =SUM(C59,E59,G59,I59,K59,M59,O59,Q59,S59,U59) -> 733997 | C59: =SUM(C61:C63) -> 21395 | D59: =SUM(D61:D63) -> 5235.617 | E59: =SUM(E61:E63) -> 60655 | F59: =SUM(F61:F63) -> 13334.42 | G59: =SUM(G61:G63) -> 72535 | H59: =SUM(H61:H63) -> 16029.92 | I59: =SUM(I61:I63) -> 205437 | J59: =SUM(J61:J63) -> 40760.892 | ... V59: =SUM(V61:V63) -> 0.8 | W59: Region of Western Greece
A61: =VLOOKUP(ListOfRegions!A37,ListOfRegions!A37:B111,2,0) -> Αχαϊας | B61: =SUM(C61,E61,G61,I61,K61,M61,O61,Q61,S61,U61) -> 182878 | C61: 9193 | D61: 2114.015 | E61: 37342 | F61: 8729.15 | G61: 28109 | H61: 6447.8 | I61: 67639 | J61: 15578.66 | K61: 104 | L61: 34.8 | M61: 39829 | N61: 29467.7 | O61: 657 | P61: 265.55 | Q61: — | R61: — | S61: — | T61: — | U61: 5 | V61: 0.8 | W61: Achaia
A62: =VLOOKUP(ListOfRegions!A38,ListOfRegions!A38:B112,2,0) -> Αιτωλ/νανίας | B62: =SUM(C62,E62,G62,I62,K62,M62,O62,Q62,S62,U62) -> 256402 | C62: 7242 | D62: 1693.645 | E62: 21190 | F62: 4152.16 | G62: 8882 | H62: 1923.43 | I62: 64946 | J62: 10873.416 | L62: 0 | M62: 141388 | N62: 143495.53 | O62: 849 | P62: 494.44 | Q62: 11905 | R62: 6804 | S62: — | T62: — | U62: — | V62: — | W62: Etolia and Akarnania
A63: =VLOOKUP(ListOfRegions!A39,ListOfRegions!A39:B113,2,0) -> Ηλείας | B63: =SUM(C63,E63,G63,I63,K63,M63,O63,Q63,S63,U63) -> 294717 | C63: 4960 | D63: 1427.957 | E63: 2123 | F63: 453.11 | G63: 35544 | H63: 7658.69 | I63: 72852 | J63: 14308.816 | K63: 162 | L63: 48 | M63: 174339 | N63: 170784.21 | O63: 4717 | P63: 1855.2 | Q63: — | R63: — | S63: 20 | T63: 4 | U63: — | V63: — | W63: Ilia
A64: Περιφέρεια Πελοποννήσου | B64: =SUM(C64,E64,G64,I64,K64,M64,O64,Q64,S64,U64) -> 210867 | C64: =SUM(C66:C70) -> 25320 | D64: =SUM(D66:D70) -> 6563.89 | E64: =SUM(E66:E70) -> 59713 | F64: =SUM(F66:F70) -> 14304.775 | G64: =SUM(G66:G70) -> 46134 | H64: =SUM(H66:H70) -> 10550.345 | I64: =SUM(I66:I70) -> 50302 | J64: =SUM(J66:J70) -> 10646.98 | ... V64: =SUM(V66:V70) -> 14.12 | W64: Region of Peloponnese
A66: =VLOOKUP(ListOfRegions!A40,ListOfRegions!A40:B114,2,0) -> Αρκαδίας | B66: =SUM(C66,E66,G66,I66,K66,M66,O66,Q66,S66,U66) -> 87062 | C66: 18454 | D66: 4857.18 | E66: 17351 | F66: 4382.675 | G66: 18359 | H66: 4351.075 | I66: 24270 | J66: 4957.64 | K66: 49 | L66: 7.8 | M66: 8347 | N66: 5005 | O66: 197 | P66: 153.27 | Q66: — | R66: — | S66: 1 | T66: 0 | U66: 34 | V66: 11.12 | W66: Arkadia
A67: =VLOOKUP(ListOfRegions!A41,ListOfRegions!A41:B115,2,0) -> Αργολίδας | B67: =SUM(C67,E67,G67,I67,K67,M67,O67,Q67,S67,U67) -> 28963 | C67: 1190 | D67: 222.5 | E67: 10800 | F67: 2103.97 | G67: 7499 | H67: 1517.82 | I67: 7871 | J67: 1463.81 | K67: — | L67: — | M67: 1598 | N67: 1288.5 | O67: 5 | P67: 1.5 | Q67: — | R67: — | S67: — | T67: — | U67: — | V67: — | W67: Argolida
A68: =VLOOKUP(ListOfRegions!A42,ListOfRegions!A42:B116,2,0) -> Κορινθίας | B68: =SUM(C68,E68,G68,I68,K68,M68,O68,Q68,S68,U68) -> 58833 | C68: 2976 | D68: 764.25 | E68: 29331 | F68: 7234.94 | G68: 15330 | H68: 3388.91 | I68: 9969 | J68: 2307.99 | L68: 0 | M68: 1150 | N68: 1044.95 | O68: 77 | P68: 37 | Q68: — | R68: — | S68: — | T68: — | U68: — | V68: — | W68: Korinthia
A69: =VLOOKUP(ListOfRegions!A43,ListOfRegions!A43:B117,2,0) -> Λακωνίας | B69: =SUM(C69,E69,G69,I69,K69,M69,O69,Q69,S69,U69) -> 16483 | C69: 1921 | D69: 504.41 | E69: 1260 | F69: 320.99 | G69: 3384 | H69: 947.65 | I69: 4314 | J69: 965.73 | K69: 75 | L69: 21.5 | M69: 5376 | N69: 4377.8 | O69: 133 | P69: 75.2 | Q69: — | R69: — | S69: 20 | T69: 13 | U69: — | V69: — | W69: Lakonia
A70: =VLOOKUP(ListOfRegions!A44,ListOfRegions!A44:B118,2,0) -> Μεσσηνίας | B70: =SUM(C70,E70,G70,I70,K70,M70,O70,Q70,S70,U70) -> 19526 | C70: 779 | D70: 215.55 | E70: 971 | F70: 262.2 | G70: 1562 | H70: 344.89 | I70: 3878 | J70: 951.81 | K70: 47 | L70: 15.57 | M70: 11021 | N70: 9206.81 | O70: 278 | P70: 70.16 | Q70: 980 | R70: 493.5 | S70: — | T70: — | U70: 10 | V70: 3 | W70: Mesinia
A71: Περιφέρεια Αττικής | B71: =SUM(C71,E71,G71,I71,K71,M71,O71,Q71,S71,U71) -> 35217 | C71: =SUM(C73:C80) -> 406 | D71: =SUM(D73:D80) -> 53.6 | E71: =SUM(E73:E80) -> 25398 | F71: =SUM(F73:F80) -> 3806.583 | G71: =SUM(G73:G80) -> 7119 | H71: =SUM(H73:H80) -> 952.95 | I71: =SUM(I73:I80) -> 2288 | J71: =SUM(J73:J80) -> 291.32 | ... V71: =SUM(V73:V80) -> 0 | W71: Region of Attica
A73: =VLOOKUP(ListOfRegions!A45,ListOfRegions!A45:B119,2,0) -> Κεντρικού Τομέα Αθηνών | B73: =SUM(C73,E73,G73,I73,K73,M73,O73,Q73,S73,U73) -> 0 | C73: — | D73: — | E73: — | F73: — | G73: — | H73: — | I73: — | J73: — | K73: — | L73: — | M73: — | N73: — | O73: — | P73: — | Q73: — | R73: — | S73: — | T73: — | U73: — | V73: — | W73: Athens Central Section
A74: =VLOOKUP(ListOfRegions!A46,ListOfRegions!A46:B120,2,0) -> Βορείου Τομέα Αθηνών | B74: =SUM(C74,E74,G74,I74,K74,M74,O74,Q74,S74,U74) -> 20 | C74: — | D74: — | E74: 20 | F74: 4 | G74: — | H74: — | I74: — | J74: — | K74: — | L74: — | M74: — | N74: — | O74: — | P74: — | Q74: — | R74: — | S74: — | T74: — | U74: — | V74: — | W74: Athens North Section
A75: =VLOOKUP(ListOfRegions!A47,ListOfRegions!A47:B121,2,0) -> Δυτικού Τομέα Αθηνών | B75: =SUM(C75,E75,G75,I75,K75,M75,O75,Q75,S75,U75) -> 0 | C75: — | D75: — | E75: — | F75: — | G75: — | H75: — | I75: — | J75: — | K75: — | L75: — | M75: — | N75: — | O75: — | P75: — | Q75: — | R75: — | S75: — | T75: — | U75: — | V75: — | W75: Athens West Section
A76: =VLOOKUP(ListOfRegions!A48,ListOfRegions!A48:B122,2,0) -> Νοτίου Τομέα Αθηνών | B76: =SUM(C76,E76,G76,I76,K76,M76,O76,Q76,S76,U76) -> 0 | C76: — | D76: — | E76: — | F76: — | G76: — | H76: — | I76: — | J76: — | K76: — | L76: — | M76: — | N76: — | O76: — | P76: — | Q76: — | R76: — | S76: — | T76: — | U76: — | V76: — | W76: Athens South Section
A77: =VLOOKUP(ListOfRegions!A49,ListOfRegions!A49:B123,2,0) -> Ανατολικής Αττικής | B77: =SUM(C77,E77,G77,I77,K77,M77,O77,Q77,S77,U77) -> 18988 | C77: 143 | D77: 23.6 | E77: 16693 | F77: 2597.773 | G77: 1795 | H77: 297.65 | I77: 355 | J77: 54.1 | K77: — | L77: — | M77: 2 | N77: 2 | O77: — | P77: — | Q77: — | R77: — | S77: — | T77: — | U77: — | V77: — | W77: Athens East Section
A78: =VLOOKUP(ListOfRegions!A50,ListOfRegions!A50:B124,2,0) -> Δυτικής Αττικής | B78: =SUM(C78,E78,G78,I78,K78,M78,O78,Q78,S78,U78) -> 15104 | C78: — | D78: — | E78: 8100 | F78: 1118 | G78: 5150 | H78: 631 | I78: 1850 | J78: 227 | K78: — | L78: — | M78: 4 | N78: 6.5 | O78: — | P78: — | Q78: — | R78: — | S78: — | T78: — | U78: — | V78: — | W78: West Attica
A79: =VLOOKUP(ListOfRegions!A51,ListOfRegions!A51:B125,2,0) -> Πειραιώς | B79: =SUM(C79,E79,G79,I79,K79,M79,O79,Q79,S79,U79) -> 0 | C79: — | D79: — | E79: — | F79: — | G79: — | H79: — | I79: — | J79: — | K79: — | L79: — | M79: — | N79: — | O79: — | P79: — | Q79: — | R79: — | S79: — | T79: — | U79: — | V79: — | W79: Pireaus
A80: =VLOOKUP(ListOfRegions!A52,ListOfRegions!A52:B126,2,0) -> Νήσων | B80: =SUM(C80,E80,G80,I80,K80,M80,O80,Q80,S80,U80) -> 1105 | C80: 263 | D80: 30 | E80: 585 | F80: 86.81 | G80: 174 | H80: 24.3 | I80: 83 | J80: 10.22 | K80: — | L80: — | M80: — | N80: — | O80: — | P80: — | Q80: — | R80: — | S80: — | T80: — | U80: — | V80: — | W80: Attica Islands
A81: Περιφέρεια Βορείου Αιγαίου | B81: =SUM(C81,E81,G81,I81,K81,M81,O81,Q81,S81,U81) -> 146692 | C81: =SUM(C83:C87) -> 604 | D81: =SUM(D83:D87) -> 152.78 | E81: =SUM(E83:E87) -> 43698 | F81: =SUM(F83:F87) -> 5969.32 | G81: =SUM(G83:G87) -> 92735 | H81: =SUM(H83:H87) -> 10982.03 | I81: =SUM(I83:I87) -> 8635 | J81: =SUM(J83:J87) -> 1126.975 | ... V81: =SUM(V83:V87) -> 0.69 | W81: Region of Northern Aegean
A83: =VLOOKUP(ListOfRegions!A53,ListOfRegions!A53:B127,2,0) -> Λέσβου | B83: =SUM(C83,E83,G83,I83,K83,M83,O83,Q83,S83,U83) -> 9395 | D83: 0 | E83: 6544 | F83: 1088.4 | G83: 1198 | H83: 152.28 | I83: 1237 | J83: 172.35 | K83: — | L83: — | M83: 279 | N83: 64.79 | O83: 137 | P83: 57.225 | Q83: — | R83: — | S83: — | T83: — | U83: — | V83: — | W83: Lesbos
A84: =VLOOKUP(ListOfRegions!A54,ListOfRegions!A54:B128,2,0) -> Ικαρίας | B84: =SUM(C84,E84,G84,I84,K84,M84,O84,Q84,S84,U84) -> 571 | C84: 4 | D84: 0.8 | E84: 2 | F84: 0.28 | G84: 182 | H84: 22.3 | I84: 286 | J84: 29.4 | K84: — | L84: — | M84: 67 | N84: 39 | O84: 30 | P84: 16.5 | Q84: — | R84: — | S84: — | T84: — | U84: — | V84: — | W84: Ikaria
A85: =VLOOKUP(ListOfRegions!A55,ListOfRegions!A55:B129,2,0) -> Λήμνου | B85: =SUM(C85,E85,G85,I85,K85,M85,O85,Q85,S85,U85) -> 129449 | C85: 600 | D85: 151.98 | E85: 31164 | F85: 4153.65 | G85: 90475 | H85: 10723.15 | I85: 6735 | J85: 879.08 | K85: 9 | L85: 1 | M85: 304 | N85: 65.15 | O85: 149 | P85: 14.75 | Q85: 13 | R85: 1.6 | S85: — | T85: — | U85: — | V85: — | W85: Limnos
A86: =VLOOKUP(ListOfRegions!A56,ListOfRegions!A56:B130,2,0) -> Σάμου. | B86: =SUM(C86,E86,G86,I86,K86,M86,O86,Q86,S86,U86) -> 4898 | C86: — | D86: — | E86: 4521 | F86: 570.49 | G86: 104 | H86: 12.92 | I86: 246 | J86: 32.925 | K86: — | L86: — | M86: 12 | N86: 5.25 | O86: 6 | P86: 0.24 | Q86: — | R86: — | S86: — | T86: — | U86: 9 | V86: 0.69 | W86: Samos
A87: =VLOOKUP(ListOfRegions!A57,ListOfRegions!A57:B131,2,0) -> Χίου | B87: =SUM(C87,E87,G87,I87,K87,M87,O87,Q87,S87,U87) -> 2379 | C87: — | D87: — | E87: 1467 | F87: 156.5 | G87: 776 | H87: 71.38 | I87: 131 | J87: 13.22 | K87: — | L87: — | M87: — | N87: — | O87: 5 | P87: 0.3 | Q87: — | R87: — | S87: — | T87: — | U87: — | V87: — | W87: Chios
A88: Περιφέρεια Νοτίου Αιγαίου | B88: =SUM(C88,E88,G88,I88,K88,M88,O88,Q88,S88,U88) -> 71509 | C88: =SUM(C90:C102) -> 3505 | D88: =SUM(D90:D102) -> 503.36 | E88: =SUM(E90:E102) -> 23134 | F88: =SUM(F90:F102) -> 2535.972 | G88: =SUM(G90:G102) -> 36369 | H88: =SUM(H90:H102) -> 4766.01 | I88: =SUM(I90:I102) -> 7650 | J88: =SUM(J90:J102) -> 1459.18 | ... V88: =SUM(V90:V102) -> 31.434 | W88: Region of Southern Aegean
A90: =VLOOKUP(ListOfRegions!A58,ListOfRegions!A58:B132,2,0) -> Σύρου | B90: =SUM(C90,E90,G90,I90,K90,M90,O90,Q90,S90,U90) -> 255 | C90: — | D90: — | E90: — | F90: — | G90: 255 | H90: 42.5 | I90: — | J90: — | K90: — | L90: — | M90: — | N90: — | O90: — | P90: — | Q90: — | R90: — | S90: — | T90: — | U90: — | V90: — | W90: Syros
A91: =VLOOKUP(ListOfRegions!A59,ListOfRegions!A59:B133,2,0) -> Άνδρου | B91: =SUM(C91,E91,G91,I91,K91,M91,O91,Q91,S91,U91) -> 6231 | C91: 58 | D91: 11.6 | E91: — | F91: — | G91: 3876 | H91: 494.77 | I91: 1760 | J91: 233.39 | K91: — | L91: — | M91: 261 | N91: 62.2 | O91: 216 | P91: 46.75 | Q91: — | R91: — | S91: — | T91: — | U91: 60 | V91: 8.234 | W91: Andros
A92: =VLOOKUP(ListOfRegions!A60,ListOfRegions!A60:B134,2,0) -> Θήρας | B92: =SUM(C92,E92,G92,I92,K92,M92,O92,Q92,S92,U92) -> 1611 | C92: 8 | D92: 0.9 | E92: — | F92: — | G92: 1581 | H92: 164.86 | I92: 20 | J92: 0.7 | K92: — | L92: — | M92: — | N92: — | O92: 2 | P92: 0.5 | Q92: — | R92: — | S92: — | T92: — | U92: — | V92: — | W92: Thira
A93: =VLOOKUP(ListOfRegions!A61,ListOfRegions!A61:B135,2,0) -> Καλύμνου | B93: =SUM(C93,E93,G93,I93,K93,M93,O93,Q93,S93,U93) -> 1989 | C93: — | D93: — | E93: 518 | F93: 69.79 | G93: 1341 | H93: 132.1 | I93: 130 | J93: 22 | K93: — | L93: — | M93: — | N93: — | O93: — | P93: — | Q93: — | R93: — | S93: — | T93: — | U93: — | V93: — | W93: Kalimnos
A94: =VLOOKUP(ListOfRegions!A62,ListOfRegions!A62:B136,2,0) -> Καρπάθου | B94: =SUM(C94,E94,G94,I94,K94,M94,O94,Q94,S94,U94) -> 150 | C94: 50 | D94: 4 | E94: 100 | F94: 10 | G94: — | H94: — | I94: — | J94: — | K94: — | L94: — | M94: — | N94: — | O94: — | P94: — | Q94: — | R94: — | S94: — | T94: — | U94: — | V94: — | W94: Karpathos
A95: =VLOOKUP(ListOfRegions!A63,ListOfRegions!A63:B137,2,0) -> Κύθνου | B95: =SUM(C95,E95,G95,I95,K95,M95,O95,Q95,S95,U95) -> 1820 | C95: 10 | D95: 0.1 | E95: — | F95: — | G95: 1600 | H95: 164 | I95: 120 | J95: 12 | K95: — | L95: — | M95: 50 | N95: 25 | O95: 10 | P95: 5 | Q95: — | R95: — | S95: 10 | T95: 0 | U95: 20 | V95: 6 | W95: Kythnos
A96: =VLOOKUP(ListOfRegions!A64,ListOfRegions!A64:B138,2,0) -> Κω | B96: =SUM(C96,E96,G96,I96,K96,M96,O96,Q96,S96,U96) -> 12040 | C96: — | D96: — | E96: 3760 | F96: 778.6 | G96: 3960 | H96: 864 | I96: 4300 | J96: 1032.55 | K96: — | L96: — | M96: — | N96: — | O96: — | P96: — | Q96: — | R96: — | S96: 20 | T96: 2 | U96: — | V96: — | W96: Kos
A97: =VLOOKUP(ListOfRegions!A65,ListOfRegions!A65:B139,2,0) -> Μήλου | B97: =SUM(C97,E97,G97,I97,K97,M97,O97,Q97,S97,U97) -> 5765 | C97: 296 | D97: 42.56 | E97: — | F97: — | G97: 4984 | H97: 760.3 | I97: 425 | J97: 51.7 | K97: — | L97: — | M97: — | N97: — | O97: — | P97: — | Q97: — | R97: — | S97: — | T97: — | U97: 60 | V97: 5.5 | W97: Milos
A98: =VLOOKUP(ListOfRegions!A66,ListOfRegions!A66:B140,2,0) -> Μυκόνου. | B98: =SUM(C98,E98,G98,I98,K98,M98,O98,Q98,S98,U98) -> 380 | C98: — | D98: — | E98: — | F98: — | G98: 380 | H98: 38 | I98: — | J98: — | K98: — | L98: — | M98: — | N98: — | O98: — | P98: — | Q98: — | R98: — | S98: — | T98: — | U98: — | V98: — | W98: Mykonos
A99: =VLOOKUP(ListOfRegions!A67,ListOfRegions!A67:B141,2,0) -> Νάξου | B99: =SUM(C99,E99,G99,I99,K99,M99,O99,Q99,S99,U99) -> 3123 | C99: 80 | D99: 3.75 | E99: 52 | F99: 6.4 | G99: 2714 | H99: 254.98 | I99: 172 | J99: 10.8 | K99: — | L99: — | M99: — | N99: — | O99: — | P99: — | Q99: — | R99: — | S99: — | T99: — | U99: 105 | V99: 10.5 | W99: Naxos
A100: =VLOOKUP(ListOfRegions!A68,ListOfRegions!A68:B142,2,0) -> Πάρου | B100: =SUM(C100,E100,G100,I100,K100,M100,O100,Q100,S100,U100) -> 14538 | C100: 523 | D100: 53.05 | E100: 1118 | F100: 78.4 | G100: 12760 | H100: 1477.5 | I100: 105 | J100: 16.8 | K100: — | L100: — | M100: — | N100: — | O100: 32 | P100: 3 | Q100: — | R100: — | S100: — | T100: — | U100: — | V100: — | W100: Paros
A101: =VLOOKUP(ListOfRegions!A69,ListOfRegions!A69:B143,2,0) -> Ρόδου | B101: =SUM(C101,E101,G101,I101,K101,M101,O101,Q101,S101,U101) -> 22546 | C101: 2480 | D101: 387.4 | E101: 17562 | F101: 1591.482 | G101: 1941 | H101: 287.65 | I101: 558 | J101: 72.14 | K101: — | L101: — | M101: 1 | N101: 0.28 | O101: — | P101: — | Q101: — | R101: — | S101: — | T101: — | U101: 4 | V101: 1.2 | W101: Rhodes
A102: =VLOOKUP(ListOfRegions!A70,ListOfRegions!A70:B144,2,0) -> Τήνου | B102: =SUM(C102,E102,G102,I102,K102,M102,O102,Q102,S102,U102) -> 1061 | C102: — | D102: — | E102: 24 | F102: 1.3 | G102: 977 | H102: 85.35 | I102: 60 | J102: 7.1 | K102: — | L102: — | M102: — | N102: — | O102: — | P102: — | Q102: — | R102: — | S102: — | T102: — | U102: — | V102: — | W102: Tinos
A103: Περιφέρεια Κρήτης | B103: =SUM(C103,E103,G103,I103,K103,M103,O103,Q103,S103,U103) -> 37996 | C103: =SUM(C105:C108) -> 4343 | D103: =SUM(D105:D108) -> 1029.05 | E103: =SUM(E105:E108) -> 10220 | F103: =SUM(F105:F108) -> 1661.595 | G103: =SUM(G105:G108) -> 12978 | H103: =SUM(H105:H108) -> 1873.34 | I103: =SUM(I105:I108) -> 9404 | J103: =SUM(J105:J108) -> 1754.82 | ... V103: =SUM(V105:V108) -> 7.88 | W103: Region of Crete
A105: =VLOOKUP(ListOfRegions!A71,ListOfRegions!A71:B145,2,0) -> Ηρακλείου | B105: =SUM(C105,E105,G105,I105,K105,M105,O105,Q105,S105,U105) -> 25391 | C105: 2160 | D105: 296.25 | E105: 9182 | F105: 1312.085 | G105: 10085 | H105: 1320.89 | I105: 3816 | J105: 438.31 | K105: 12 | L105: 1.8 | M105: 78 | N105: 161.78 | O105: 2 | P105: 0.15 | Q105: — | R105: — | S105: — | T105: — | U105: 56 | V105: 6.08 | W105: Heraklion
A106: =VLOOKUP(ListOfRegions!A72,ListOfRegions!A72:B146,2,0) -> Λασιθίου | B106: =SUM(C106,E106,G106,I106,K106,M106,O106,Q106,S106,U106) -> 7335 | C106: 2103 | D106: 717.36 | E106: 697 | F106: 294.2 | G106: 1545 | H106: 368.495 | I106: 2418 | J106: 791.15 | K106: 15 | L106: 1 | M106: 434 | N106: 53.8 | O106: 86 | P106: 8 | Q106: 4 | R106: 0.3 | S106: 18 | T106: 3 | U106: 15 | V106: 1.8 | W106: Lasithi
A107: =VLOOKUP(ListOfRegions!A73,ListOfRegions!A73:B147,2,0) -> Ρεθύμνης | B107: =SUM(C107,E107,G107,I107,K107,M107,O107,Q107,S107,U107) -> 4376 | C107: 80 | D107: 15.44 | E107: 341 | F107: 55.31 | G107: 907 | H107: 135.955 | I107: 3005 | J107: 503.36 | K107: 10 | L107: 2.1 | M107: 26 | N107: 5.65 | O107: 7 | P107: 2.2 | Q107: — | R107: — | S107: — | T107: — | U107: — | V107: — | W107: Rethymno
A108: =VLOOKUP(ListOfRegions!A74,ListOfRegions!A74:B148,2,0) -> Χανίων | B108: =SUM(C108,E108,G108,I108,K108,M108,O108,Q108,S108,U108) -> 894 | D108: 0 | E108: — | F108: — | G108: 441 | H108: 48 | I108: 165 | J108: 22 | K108: — | L108: — | M108: 256 | N108: 57.875 | O108: 32 | P108: 8.85 | Q108: — | R108: — | S108: — | T108: — | U108: — | V108: — | W108: Chania
A109: 1=εκτάσεις, 2=παραγωγή | K109: 1=area, 2=production | M109: 1=εκτάσεις, 2=παραγωγή | X109: 1=area, 2=production
A110: (1) Σμιγδάνι, Κεχρί, φαλαρίδα, τριτικάλι, κλπ. | K110: (1) Maslin, millet, phalaris, triticale, etc. | X110: (2) Maslin, millet, phalaris, triticale, etc.
T123: —
N127: ―

Sheet Sheet1
